Copyright 1986-2019 Xilinx, Inc. All Rights Reserved.
-----------------------------------------------------------------------------------------------------------------------------------------------------------------------------------------------------------------------
| Tool Version : Vivado v.2019.1 (win64) Build 2552052 Fri May 24 14:49:42 MDT 2019
| Date         : Tue Mar 25 10:46:22 2025
| Host         : 706-DSKIEE-2201 running 64-bit major release  (build 9200)
| Command      : report_timing_summary -max_paths 10 -file design_1_wrapper_timing_summary_routed.rpt -pb design_1_wrapper_timing_summary_routed.pb -rpx design_1_wrapper_timing_summary_routed.rpx -warn_on_violation
| Design       : design_1_wrapper
| Device       : 7z020-clg400
| Speed File   : -3  PRODUCTION 1.11 2014-09-11
-----------------------------------------------------------------------------------------------------------------------------------------------------------------------------------------------------------------------

Timing Summary Report

------------------------------------------------------------------------------------------------
| Timer Settings
| --------------
------------------------------------------------------------------------------------------------

  Enable Multi Corner Analysis               :  Yes
  Enable Pessimism Removal                   :  Yes
  Pessimism Removal Resolution               :  Nearest Common Node
  Enable Input Delay Default Clock           :  No
  Enable Preset / Clear Arcs                 :  No
  Disable Flight Delays                      :  No
  Ignore I/O Paths                           :  No
  Timing Early Launch at Borrowing Latches   :  No
  Borrow Time for Max Delay Exceptions       :  Yes

  Corner  Analyze    Analyze    
  Name    Max Paths  Min Paths  
  ------  ---------  ---------  
  Slow    Yes        Yes        
  Fast    Yes        Yes        



check_timing report

Table of Contents
-----------------
1. checking no_clock
2. checking constant_clock
3. checking pulse_width_clock
4. checking unconstrained_internal_endpoints
5. checking no_input_delay
6. checking no_output_delay
7. checking multiple_clock
8. checking generated_clocks
9. checking loops
10. checking partial_input_delay
11. checking partial_output_delay
12. checking latch_loops

1. checking no_clock
--------------------
 There are 0 register/latch pins with no clock.


2. checking constant_clock
--------------------------
 There are 0 register/latch pins with constant_clock.


3. checking pulse_width_clock
-----------------------------
 There are 0 register/latch pins which need pulse_width check


4. checking unconstrained_internal_endpoints
--------------------------------------------
 There are 0 pins that are not constrained for maximum delay.

 There are 0 pins that are not constrained for maximum delay due to constant clock.


5. checking no_input_delay
--------------------------
 There are 0 input ports with no input delay specified.

 There are 0 input ports with no input delay but user has a false path constraint.


6. checking no_output_delay
---------------------------
 There are 0 ports with no output delay specified.

 There are 0 ports with no output delay but user has a false path constraint

 There are 0 ports with no output delay but with a timing clock defined on it or propagating through it


7. checking multiple_clock
--------------------------
 There are 0 register/latch pins with multiple clocks.


8. checking generated_clocks
----------------------------
 There are 0 generated clocks that are not connected to a clock source.


9. checking loops
-----------------
 There are 0 combinational loops in the design.


10. checking partial_input_delay
--------------------------------
 There are 0 input ports with partial input delay specified.


11. checking partial_output_delay
---------------------------------
 There are 0 ports with partial output delay specified.


12. checking latch_loops
------------------------
 There are 0 combinational latch loops in the design through latch input



------------------------------------------------------------------------------------------------
| Design Timing Summary
| ---------------------
------------------------------------------------------------------------------------------------

    WNS(ns)      TNS(ns)  TNS Failing Endpoints  TNS Total Endpoints      WHS(ns)      THS(ns)  THS Failing Endpoints  THS Total Endpoints     WPWS(ns)     TPWS(ns)  TPWS Failing Endpoints  TPWS Total Endpoints  
    -------      -------  ---------------------  -------------------      -------      -------  ---------------------  -------------------     --------     --------  ----------------------  --------------------  
     11.533        0.000                      0                39882        0.057        0.000                      0                39882        8.950        0.000                       0                 15138  


All user specified timing constraints are met.


------------------------------------------------------------------------------------------------
| Clock Summary
| -------------
------------------------------------------------------------------------------------------------

Clock       Waveform(ns)       Period(ns)      Frequency(MHz)
-----       ------------       ----------      --------------
clk_fpga_0  {0.000 10.000}     20.000          50.000          


------------------------------------------------------------------------------------------------
| Intra Clock Table
| -----------------
------------------------------------------------------------------------------------------------

Clock             WNS(ns)      TNS(ns)  TNS Failing Endpoints  TNS Total Endpoints      WHS(ns)      THS(ns)  THS Failing Endpoints  THS Total Endpoints     WPWS(ns)     TPWS(ns)  TPWS Failing Endpoints  TPWS Total Endpoints  
-----             -------      -------  ---------------------  -------------------      -------      -------  ---------------------  -------------------     --------     --------  ----------------------  --------------------  
clk_fpga_0         11.533        0.000                      0                39882        0.057        0.000                      0                39882        8.950        0.000                       0                 15138  


------------------------------------------------------------------------------------------------
| Inter Clock Table
| -----------------
------------------------------------------------------------------------------------------------

From Clock    To Clock          WNS(ns)      TNS(ns)  TNS Failing Endpoints  TNS Total Endpoints      WHS(ns)      THS(ns)  THS Failing Endpoints  THS Total Endpoints  
----------    --------          -------      -------  ---------------------  -------------------      -------      -------  ---------------------  -------------------  


------------------------------------------------------------------------------------------------
| Other Path Groups Table
| -----------------------
------------------------------------------------------------------------------------------------

Path Group    From Clock    To Clock          WNS(ns)      TNS(ns)  TNS Failing Endpoints  TNS Total Endpoints      WHS(ns)      THS(ns)  THS Failing Endpoints  THS Total Endpoints  
----------    ----------    --------          -------      -------  ---------------------  -------------------      -------      -------  ---------------------  -------------------  


------------------------------------------------------------------------------------------------
| Timing Details
| --------------
------------------------------------------------------------------------------------------------


---------------------------------------------------------------------------------------------------
From Clock:  clk_fpga_0
  To Clock:  clk_fpga_0

Setup :            0  Failing Endpoints,  Worst Slack       11.533ns,  Total Violation        0.000ns
Hold  :            0  Failing Endpoints,  Worst Slack        0.057ns,  Total Violation        0.000ns
PW    :            0  Failing Endpoints,  Worst Slack        8.950ns,  Total Violation        0.000ns
---------------------------------------------------------------------------------------------------


Max Delay Paths
--------------------------------------------------------------------------------------
Slack (MET) :             11.533ns  (required time - arrival time)
  Source:                 design_1_i/ps7_0_axi_periph/xbar/inst/gen_sasd.crossbar_sasd_0/m_atarget_enc_reg[2]/C
                            (rising edge-triggered cell FDRE clocked by clk_fpga_0  {rise@0.000ns fall@10.000ns period=20.000ns})
  Destination:            design_1_i/processing_system7_0/inst/PS7_i/MAXIGP0BVALID
                            (rising edge-triggered cell PS7 clocked by clk_fpga_0  {rise@0.000ns fall@10.000ns period=20.000ns})
  Path Group:             clk_fpga_0
  Path Type:              Setup (Max at Slow Process Corner)
  Requirement:            20.000ns  (clk_fpga_0 rise@20.000ns - clk_fpga_0 rise@0.000ns)
  Data Path Delay:        7.532ns  (logic 0.789ns (10.475%)  route 6.743ns (89.525%))
  Logic Levels:           4  (LUT4=1 LUT5=2 LUT6=1)
  Clock Path Skew:        -0.040ns (DCD - SCD + CPR)
    Destination Clock Delay (DCD):    2.036ns = ( 22.036 - 20.000 ) 
    Source Clock Delay      (SCD):    2.169ns
    Clock Pessimism Removal (CPR):    0.094ns
  Clock Uncertainty:      0.302ns  ((TSJ^2 + TIJ^2)^1/2 + DJ) / 2 + PE
    Total System Jitter     (TSJ):    0.071ns
    Total Input Jitter      (TIJ):    0.600ns
    Discrete Jitter          (DJ):    0.000ns
    Phase Error              (PE):    0.000ns

    Location             Delay type                Incr(ns)  Path(ns)    Netlist Resource(s)
  -------------------------------------------------------------------    -------------------
                         (clock clk_fpga_0 rise edge)
                                                      0.000     0.000 r  
    PS7_X0Y0             PS7                          0.000     0.000 r  design_1_i/processing_system7_0/inst/PS7_i/FCLKCLK[0]
                         net (fo=1, routed)           0.863     0.863    design_1_i/processing_system7_0/inst/FCLK_CLK_unbuffered[0]
    BUFGCTRL_X0Y16       BUFG (Prop_bufg_I_O)         0.079     0.942 r  design_1_i/processing_system7_0/inst/buffer_fclk_clk_0.FCLK_CLK_0_BUFG/O
                         net (fo=15140, routed)       1.227     2.169    design_1_i/ps7_0_axi_periph/xbar/inst/gen_sasd.crossbar_sasd_0/aclk
    SLICE_X50Y77         FDRE                                         r  design_1_i/ps7_0_axi_periph/xbar/inst/gen_sasd.crossbar_sasd_0/m_atarget_enc_reg[2]/C
  -------------------------------------------------------------------    -------------------
    SLICE_X50Y77         FDRE (Prop_fdre_C_Q)         0.393     2.562 r  design_1_i/ps7_0_axi_periph/xbar/inst/gen_sasd.crossbar_sasd_0/m_atarget_enc_reg[2]/Q
                         net (fo=77, routed)          3.259     5.821    design_1_i/ps7_0_axi_periph/xbar/inst/gen_sasd.crossbar_sasd_0/splitter_aw/Q[2]
    SLICE_X76Y46         LUT5 (Prop_lut5_I2_O)        0.097     5.918 r  design_1_i/ps7_0_axi_periph/xbar/inst/gen_sasd.crossbar_sasd_0/splitter_aw/s_axi_bvalid[0]_INST_0_i_4/O
                         net (fo=1, routed)           0.676     6.594    design_1_i/ps7_0_axi_periph/xbar/inst/gen_sasd.crossbar_sasd_0/gen_decerr.decerr_slave_inst/m_ready_d[2]_i_7
    SLICE_X76Y48         LUT6 (Prop_lut6_I0_O)        0.097     6.691 r  design_1_i/ps7_0_axi_periph/xbar/inst/gen_sasd.crossbar_sasd_0/gen_decerr.decerr_slave_inst/s_axi_bvalid[0]_INST_0_i_3/O
                         net (fo=2, routed)           0.218     6.909    design_1_i/ps7_0_axi_periph/xbar/inst/gen_sasd.crossbar_sasd_0/gen_decerr.decerr_slave_inst/m_valid_i_reg
    SLICE_X75Y48         LUT4 (Prop_lut4_I3_O)        0.097     7.006 r  design_1_i/ps7_0_axi_periph/xbar/inst/gen_sasd.crossbar_sasd_0/gen_decerr.decerr_slave_inst/s_axi_bvalid[0]_INST_0_i_1/O
                         net (fo=2, routed)           0.277     7.283    design_1_i/ps7_0_axi_periph/xbar/inst/gen_sasd.crossbar_sasd_0/addr_arbiter_inst/f_mux_return__3
    SLICE_X73Y49         LUT5 (Prop_lut5_I4_O)        0.105     7.388 r  design_1_i/ps7_0_axi_periph/xbar/inst/gen_sasd.crossbar_sasd_0/addr_arbiter_inst/s_axi_bvalid[0]_INST_0/O
                         net (fo=1, routed)           2.313     9.701    design_1_i/processing_system7_0/inst/M_AXI_GP0_BVALID
    PS7_X0Y0             PS7                                          r  design_1_i/processing_system7_0/inst/PS7_i/MAXIGP0BVALID
  -------------------------------------------------------------------    -------------------

                         (clock clk_fpga_0 rise edge)
                                                     20.000    20.000 r  
    PS7_X0Y0             PS7                          0.000    20.000 r  design_1_i/processing_system7_0/inst/PS7_i/FCLKCLK[0]
                         net (fo=1, routed)           0.786    20.786    design_1_i/processing_system7_0/inst/FCLK_CLK_unbuffered[0]
    BUFGCTRL_X0Y16       BUFG (Prop_bufg_I_O)         0.072    20.858 r  design_1_i/processing_system7_0/inst/buffer_fclk_clk_0.FCLK_CLK_0_BUFG/O
                         net (fo=15140, routed)       1.177    22.036    design_1_i/processing_system7_0/inst/M_AXI_GP0_ACLK
    PS7_X0Y0             PS7                                          r  design_1_i/processing_system7_0/inst/PS7_i/MAXIGP0ACLK
                         clock pessimism              0.094    22.129    
                         clock uncertainty           -0.302    21.827    
    PS7_X0Y0             PS7 (Setup_ps7_MAXIGP0ACLK_MAXIGP0BVALID)
                                                     -0.593    21.234    design_1_i/processing_system7_0/inst/PS7_i
  -------------------------------------------------------------------
                         required time                         21.234    
                         arrival time                          -9.701    
  -------------------------------------------------------------------
                         slack                                 11.533    

Slack (MET) :             11.969ns  (required time - arrival time)
  Source:                 design_1_i/ps7_0_axi_periph/xbar/inst/gen_sasd.crossbar_sasd_0/m_atarget_enc_reg[2]/C
                            (rising edge-triggered cell FDRE clocked by clk_fpga_0  {rise@0.000ns fall@10.000ns period=20.000ns})
  Destination:            design_1_i/processing_system7_0/inst/PS7_i/MAXIGP0RDATA[18]
                            (rising edge-triggered cell PS7 clocked by clk_fpga_0  {rise@0.000ns fall@10.000ns period=20.000ns})
  Path Group:             clk_fpga_0
  Path Type:              Setup (Max at Slow Process Corner)
  Requirement:            20.000ns  (clk_fpga_0 rise@20.000ns - clk_fpga_0 rise@0.000ns)
  Data Path Delay:        7.318ns  (logic 0.781ns (10.673%)  route 6.537ns (89.327%))
  Logic Levels:           4  (LUT3=1 LUT4=3)
  Clock Path Skew:        -0.040ns (DCD - SCD + CPR)
    Destination Clock Delay (DCD):    2.036ns = ( 22.036 - 20.000 ) 
    Source Clock Delay      (SCD):    2.169ns
    Clock Pessimism Removal (CPR):    0.094ns
  Clock Uncertainty:      0.302ns  ((TSJ^2 + TIJ^2)^1/2 + DJ) / 2 + PE
    Total System Jitter     (TSJ):    0.071ns
    Total Input Jitter      (TIJ):    0.600ns
    Discrete Jitter          (DJ):    0.000ns
    Phase Error              (PE):    0.000ns

    Location             Delay type                Incr(ns)  Path(ns)    Netlist Resource(s)
  -------------------------------------------------------------------    -------------------
                         (clock clk_fpga_0 rise edge)
                                                      0.000     0.000 r  
    PS7_X0Y0             PS7                          0.000     0.000 r  design_1_i/processing_system7_0/inst/PS7_i/FCLKCLK[0]
                         net (fo=1, routed)           0.863     0.863    design_1_i/processing_system7_0/inst/FCLK_CLK_unbuffered[0]
    BUFGCTRL_X0Y16       BUFG (Prop_bufg_I_O)         0.079     0.942 r  design_1_i/processing_system7_0/inst/buffer_fclk_clk_0.FCLK_CLK_0_BUFG/O
                         net (fo=15140, routed)       1.227     2.169    design_1_i/ps7_0_axi_periph/xbar/inst/gen_sasd.crossbar_sasd_0/aclk
    SLICE_X50Y77         FDRE                                         r  design_1_i/ps7_0_axi_periph/xbar/inst/gen_sasd.crossbar_sasd_0/m_atarget_enc_reg[2]/C
  -------------------------------------------------------------------    -------------------
    SLICE_X50Y77         FDRE (Prop_fdre_C_Q)         0.393     2.562 f  design_1_i/ps7_0_axi_periph/xbar/inst/gen_sasd.crossbar_sasd_0/m_atarget_enc_reg[2]/Q
                         net (fo=77, routed)          2.678     5.240    design_1_i/ps7_0_axi_periph/xbar/inst/gen_sasd.crossbar_sasd_0/splitter_aw/Q[2]
    SLICE_X60Y45         LUT4 (Prop_lut4_I3_O)        0.097     5.337 r  design_1_i/ps7_0_axi_periph/xbar/inst/gen_sasd.crossbar_sasd_0/splitter_aw/s_axi_bresp[1]_INST_0_i_3/O
                         net (fo=40, routed)          0.821     6.158    design_1_i/ps7_0_axi_periph/xbar/inst/gen_sasd.crossbar_sasd_0/f_mux_return3
    SLICE_X52Y46         LUT4 (Prop_lut4_I1_O)        0.097     6.255 r  design_1_i/ps7_0_axi_periph/xbar/inst/gen_sasd.crossbar_sasd_0/s_axi_rdata[18]_INST_0_i_3/O
                         net (fo=1, routed)           0.387     6.642    design_1_i/ps7_0_axi_periph/xbar/inst/gen_sasd.crossbar_sasd_0/s_axi_rdata[18]_INST_0_i_3_n_0
    SLICE_X56Y46         LUT3 (Prop_lut3_I2_O)        0.097     6.739 r  design_1_i/ps7_0_axi_periph/xbar/inst/gen_sasd.crossbar_sasd_0/s_axi_rdata[18]_INST_0_i_2/O
                         net (fo=1, routed)           0.518     7.257    design_1_i/ps7_0_axi_periph/xbar/inst/gen_sasd.crossbar_sasd_0/s_axi_rdata[18]_INST_0_i_2_n_0
    SLICE_X56Y50         LUT4 (Prop_lut4_I3_O)        0.097     7.354 r  design_1_i/ps7_0_axi_periph/xbar/inst/gen_sasd.crossbar_sasd_0/s_axi_rdata[18]_INST_0/O
                         net (fo=1, routed)           2.133     9.487    design_1_i/processing_system7_0/inst/M_AXI_GP0_RDATA[18]
    PS7_X0Y0             PS7                                          r  design_1_i/processing_system7_0/inst/PS7_i/MAXIGP0RDATA[18]
  -------------------------------------------------------------------    -------------------

                         (clock clk_fpga_0 rise edge)
                                                     20.000    20.000 r  
    PS7_X0Y0             PS7                          0.000    20.000 r  design_1_i/processing_system7_0/inst/PS7_i/FCLKCLK[0]
                         net (fo=1, routed)           0.786    20.786    design_1_i/processing_system7_0/inst/FCLK_CLK_unbuffered[0]
    BUFGCTRL_X0Y16       BUFG (Prop_bufg_I_O)         0.072    20.858 r  design_1_i/processing_system7_0/inst/buffer_fclk_clk_0.FCLK_CLK_0_BUFG/O
                         net (fo=15140, routed)       1.177    22.036    design_1_i/processing_system7_0/inst/M_AXI_GP0_ACLK
    PS7_X0Y0             PS7                                          r  design_1_i/processing_system7_0/inst/PS7_i/MAXIGP0ACLK
                         clock pessimism              0.094    22.129    
                         clock uncertainty           -0.302    21.827    
    PS7_X0Y0             PS7 (Setup_ps7_MAXIGP0ACLK_MAXIGP0RDATA[18])
                                                     -0.372    21.455    design_1_i/processing_system7_0/inst/PS7_i
  -------------------------------------------------------------------
                         required time                         21.455    
                         arrival time                          -9.487    
  -------------------------------------------------------------------
                         slack                                 11.969    

Slack (MET) :             12.054ns  (required time - arrival time)
  Source:                 design_1_i/processing_system7_0/inst/PS7_i/MAXIGP0ACLK
                            (rising edge-triggered cell PS7 clocked by clk_fpga_0  {rise@0.000ns fall@10.000ns period=20.000ns})
  Destination:            design_1_i/cam_axi_1/U0/cam_axi_v1_0_S00_AXI_inst/slv_reg0_reg[26]/CE
                            (rising edge-triggered cell FDRE clocked by clk_fpga_0  {rise@0.000ns fall@10.000ns period=20.000ns})
  Path Group:             clk_fpga_0
  Path Type:              Setup (Max at Slow Process Corner)
  Requirement:            20.000ns  (clk_fpga_0 rise@20.000ns - clk_fpga_0 rise@0.000ns)
  Data Path Delay:        7.370ns  (logic 1.285ns (17.434%)  route 6.085ns (82.566%))
  Logic Levels:           3  (LUT4=2 LUT5=1)
  Clock Path Skew:        -0.123ns (DCD - SCD + CPR)
    Destination Clock Delay (DCD):    1.970ns = ( 21.970 - 20.000 ) 
    Source Clock Delay      (SCD):    2.261ns
    Clock Pessimism Removal (CPR):    0.168ns
  Clock Uncertainty:      0.302ns  ((TSJ^2 + TIJ^2)^1/2 + DJ) / 2 + PE
    Total System Jitter     (TSJ):    0.071ns
    Total Input Jitter      (TIJ):    0.600ns
    Discrete Jitter          (DJ):    0.000ns
    Phase Error              (PE):    0.000ns

    Location             Delay type                Incr(ns)  Path(ns)    Netlist Resource(s)
  -------------------------------------------------------------------    -------------------
                         (clock clk_fpga_0 rise edge)
                                                      0.000     0.000 r  
    PS7_X0Y0             PS7                          0.000     0.000 r  design_1_i/processing_system7_0/inst/PS7_i/FCLKCLK[0]
                         net (fo=1, routed)           0.863     0.863    design_1_i/processing_system7_0/inst/FCLK_CLK_unbuffered[0]
    BUFGCTRL_X0Y16       BUFG (Prop_bufg_I_O)         0.079     0.942 r  design_1_i/processing_system7_0/inst/buffer_fclk_clk_0.FCLK_CLK_0_BUFG/O
                         net (fo=15140, routed)       1.319     2.261    design_1_i/processing_system7_0/inst/M_AXI_GP0_ACLK
    PS7_X0Y0             PS7                                          r  design_1_i/processing_system7_0/inst/PS7_i/MAXIGP0ACLK
  -------------------------------------------------------------------    -------------------
    PS7_X0Y0             PS7 (Prop_ps7_MAXIGP0ACLK_MAXIGP0WVALID)
                                                      0.833     3.094 r  design_1_i/processing_system7_0/inst/PS7_i/MAXIGP0WVALID
                         net (fo=10, routed)          3.449     6.543    design_1_i/ps7_0_axi_periph/xbar/inst/gen_sasd.crossbar_sasd_0/addr_arbiter_inst/s_axi_wvalid[0]
    SLICE_X80Y60         LUT5 (Prop_lut5_I1_O)        0.097     6.640 r  design_1_i/ps7_0_axi_periph/xbar/inst/gen_sasd.crossbar_sasd_0/addr_arbiter_inst/m_axi_wvalid[1]_INST_0/O
                         net (fo=6, routed)           0.525     7.166    design_1_i/cam_axi_1/U0/cam_axi_v1_0_S00_AXI_inst/s00_axi_wvalid
    SLICE_X81Y60         LUT4 (Prop_lut4_I3_O)        0.110     7.276 r  design_1_i/cam_axi_1/U0/cam_axi_v1_0_S00_AXI_inst/slv_reg0[0]_i_3/O
                         net (fo=12, routed)          1.770     9.045    design_1_i/cam_axi_1/U0/cam_axi_v1_0_S00_AXI_inst/slv_reg_wren__2
    SLICE_X50Y50         LUT4 (Prop_lut4_I0_O)        0.245     9.290 r  design_1_i/cam_axi_1/U0/cam_axi_v1_0_S00_AXI_inst/slv_reg0[31]_i_1/O
                         net (fo=8, routed)           0.341     9.632    design_1_i/cam_axi_1/U0/cam_axi_v1_0_S00_AXI_inst/p_1_in[31]
    SLICE_X48Y51         FDRE                                         r  design_1_i/cam_axi_1/U0/cam_axi_v1_0_S00_AXI_inst/slv_reg0_reg[26]/CE
  -------------------------------------------------------------------    -------------------

                         (clock clk_fpga_0 rise edge)
                                                     20.000    20.000 r  
    PS7_X0Y0             PS7                          0.000    20.000 r  design_1_i/processing_system7_0/inst/PS7_i/FCLKCLK[0]
                         net (fo=1, routed)           0.786    20.786    design_1_i/processing_system7_0/inst/FCLK_CLK_unbuffered[0]
    BUFGCTRL_X0Y16       BUFG (Prop_bufg_I_O)         0.072    20.858 r  design_1_i/processing_system7_0/inst/buffer_fclk_clk_0.FCLK_CLK_0_BUFG/O
                         net (fo=15140, routed)       1.111    21.970    design_1_i/cam_axi_1/U0/cam_axi_v1_0_S00_AXI_inst/s00_axi_aclk
    SLICE_X48Y51         FDRE                                         r  design_1_i/cam_axi_1/U0/cam_axi_v1_0_S00_AXI_inst/slv_reg0_reg[26]/C
                         clock pessimism              0.168    22.138    
                         clock uncertainty           -0.302    21.836    
    SLICE_X48Y51         FDRE (Setup_fdre_C_CE)      -0.150    21.686    design_1_i/cam_axi_1/U0/cam_axi_v1_0_S00_AXI_inst/slv_reg0_reg[26]
  -------------------------------------------------------------------
                         required time                         21.686    
                         arrival time                          -9.632    
  -------------------------------------------------------------------
                         slack                                 12.054    

Slack (MET) :             12.054ns  (required time - arrival time)
  Source:                 design_1_i/processing_system7_0/inst/PS7_i/MAXIGP0ACLK
                            (rising edge-triggered cell PS7 clocked by clk_fpga_0  {rise@0.000ns fall@10.000ns period=20.000ns})
  Destination:            design_1_i/cam_axi_1/U0/cam_axi_v1_0_S00_AXI_inst/slv_reg0_reg[29]/CE
                            (rising edge-triggered cell FDRE clocked by clk_fpga_0  {rise@0.000ns fall@10.000ns period=20.000ns})
  Path Group:             clk_fpga_0
  Path Type:              Setup (Max at Slow Process Corner)
  Requirement:            20.000ns  (clk_fpga_0 rise@20.000ns - clk_fpga_0 rise@0.000ns)
  Data Path Delay:        7.370ns  (logic 1.285ns (17.434%)  route 6.085ns (82.566%))
  Logic Levels:           3  (LUT4=2 LUT5=1)
  Clock Path Skew:        -0.123ns (DCD - SCD + CPR)
    Destination Clock Delay (DCD):    1.970ns = ( 21.970 - 20.000 ) 
    Source Clock Delay      (SCD):    2.261ns
    Clock Pessimism Removal (CPR):    0.168ns
  Clock Uncertainty:      0.302ns  ((TSJ^2 + TIJ^2)^1/2 + DJ) / 2 + PE
    Total System Jitter     (TSJ):    0.071ns
    Total Input Jitter      (TIJ):    0.600ns
    Discrete Jitter          (DJ):    0.000ns
    Phase Error              (PE):    0.000ns

    Location             Delay type                Incr(ns)  Path(ns)    Netlist Resource(s)
  -------------------------------------------------------------------    -------------------
                         (clock clk_fpga_0 rise edge)
                                                      0.000     0.000 r  
    PS7_X0Y0             PS7                          0.000     0.000 r  design_1_i/processing_system7_0/inst/PS7_i/FCLKCLK[0]
                         net (fo=1, routed)           0.863     0.863    design_1_i/processing_system7_0/inst/FCLK_CLK_unbuffered[0]
    BUFGCTRL_X0Y16       BUFG (Prop_bufg_I_O)         0.079     0.942 r  design_1_i/processing_system7_0/inst/buffer_fclk_clk_0.FCLK_CLK_0_BUFG/O
                         net (fo=15140, routed)       1.319     2.261    design_1_i/processing_system7_0/inst/M_AXI_GP0_ACLK
    PS7_X0Y0             PS7                                          r  design_1_i/processing_system7_0/inst/PS7_i/MAXIGP0ACLK
  -------------------------------------------------------------------    -------------------
    PS7_X0Y0             PS7 (Prop_ps7_MAXIGP0ACLK_MAXIGP0WVALID)
                                                      0.833     3.094 r  design_1_i/processing_system7_0/inst/PS7_i/MAXIGP0WVALID
                         net (fo=10, routed)          3.449     6.543    design_1_i/ps7_0_axi_periph/xbar/inst/gen_sasd.crossbar_sasd_0/addr_arbiter_inst/s_axi_wvalid[0]
    SLICE_X80Y60         LUT5 (Prop_lut5_I1_O)        0.097     6.640 r  design_1_i/ps7_0_axi_periph/xbar/inst/gen_sasd.crossbar_sasd_0/addr_arbiter_inst/m_axi_wvalid[1]_INST_0/O
                         net (fo=6, routed)           0.525     7.166    design_1_i/cam_axi_1/U0/cam_axi_v1_0_S00_AXI_inst/s00_axi_wvalid
    SLICE_X81Y60         LUT4 (Prop_lut4_I3_O)        0.110     7.276 r  design_1_i/cam_axi_1/U0/cam_axi_v1_0_S00_AXI_inst/slv_reg0[0]_i_3/O
                         net (fo=12, routed)          1.770     9.045    design_1_i/cam_axi_1/U0/cam_axi_v1_0_S00_AXI_inst/slv_reg_wren__2
    SLICE_X50Y50         LUT4 (Prop_lut4_I0_O)        0.245     9.290 r  design_1_i/cam_axi_1/U0/cam_axi_v1_0_S00_AXI_inst/slv_reg0[31]_i_1/O
                         net (fo=8, routed)           0.341     9.632    design_1_i/cam_axi_1/U0/cam_axi_v1_0_S00_AXI_inst/p_1_in[31]
    SLICE_X48Y51         FDRE                                         r  design_1_i/cam_axi_1/U0/cam_axi_v1_0_S00_AXI_inst/slv_reg0_reg[29]/CE
  -------------------------------------------------------------------    -------------------

                         (clock clk_fpga_0 rise edge)
                                                     20.000    20.000 r  
    PS7_X0Y0             PS7                          0.000    20.000 r  design_1_i/processing_system7_0/inst/PS7_i/FCLKCLK[0]
                         net (fo=1, routed)           0.786    20.786    design_1_i/processing_system7_0/inst/FCLK_CLK_unbuffered[0]
    BUFGCTRL_X0Y16       BUFG (Prop_bufg_I_O)         0.072    20.858 r  design_1_i/processing_system7_0/inst/buffer_fclk_clk_0.FCLK_CLK_0_BUFG/O
                         net (fo=15140, routed)       1.111    21.970    design_1_i/cam_axi_1/U0/cam_axi_v1_0_S00_AXI_inst/s00_axi_aclk
    SLICE_X48Y51         FDRE                                         r  design_1_i/cam_axi_1/U0/cam_axi_v1_0_S00_AXI_inst/slv_reg0_reg[29]/C
                         clock pessimism              0.168    22.138    
                         clock uncertainty           -0.302    21.836    
    SLICE_X48Y51         FDRE (Setup_fdre_C_CE)      -0.150    21.686    design_1_i/cam_axi_1/U0/cam_axi_v1_0_S00_AXI_inst/slv_reg0_reg[29]
  -------------------------------------------------------------------
                         required time                         21.686    
                         arrival time                          -9.632    
  -------------------------------------------------------------------
                         slack                                 12.054    

Slack (MET) :             12.054ns  (required time - arrival time)
  Source:                 design_1_i/processing_system7_0/inst/PS7_i/MAXIGP0ACLK
                            (rising edge-triggered cell PS7 clocked by clk_fpga_0  {rise@0.000ns fall@10.000ns period=20.000ns})
  Destination:            design_1_i/cam_axi_1/U0/cam_axi_v1_0_S00_AXI_inst/slv_reg0_reg[31]/CE
                            (rising edge-triggered cell FDRE clocked by clk_fpga_0  {rise@0.000ns fall@10.000ns period=20.000ns})
  Path Group:             clk_fpga_0
  Path Type:              Setup (Max at Slow Process Corner)
  Requirement:            20.000ns  (clk_fpga_0 rise@20.000ns - clk_fpga_0 rise@0.000ns)
  Data Path Delay:        7.370ns  (logic 1.285ns (17.434%)  route 6.085ns (82.566%))
  Logic Levels:           3  (LUT4=2 LUT5=1)
  Clock Path Skew:        -0.123ns (DCD - SCD + CPR)
    Destination Clock Delay (DCD):    1.970ns = ( 21.970 - 20.000 ) 
    Source Clock Delay      (SCD):    2.261ns
    Clock Pessimism Removal (CPR):    0.168ns
  Clock Uncertainty:      0.302ns  ((TSJ^2 + TIJ^2)^1/2 + DJ) / 2 + PE
    Total System Jitter     (TSJ):    0.071ns
    Total Input Jitter      (TIJ):    0.600ns
    Discrete Jitter          (DJ):    0.000ns
    Phase Error              (PE):    0.000ns

    Location             Delay type                Incr(ns)  Path(ns)    Netlist Resource(s)
  -------------------------------------------------------------------    -------------------
                         (clock clk_fpga_0 rise edge)
                                                      0.000     0.000 r  
    PS7_X0Y0             PS7                          0.000     0.000 r  design_1_i/processing_system7_0/inst/PS7_i/FCLKCLK[0]
                         net (fo=1, routed)           0.863     0.863    design_1_i/processing_system7_0/inst/FCLK_CLK_unbuffered[0]
    BUFGCTRL_X0Y16       BUFG (Prop_bufg_I_O)         0.079     0.942 r  design_1_i/processing_system7_0/inst/buffer_fclk_clk_0.FCLK_CLK_0_BUFG/O
                         net (fo=15140, routed)       1.319     2.261    design_1_i/processing_system7_0/inst/M_AXI_GP0_ACLK
    PS7_X0Y0             PS7                                          r  design_1_i/processing_system7_0/inst/PS7_i/MAXIGP0ACLK
  -------------------------------------------------------------------    -------------------
    PS7_X0Y0             PS7 (Prop_ps7_MAXIGP0ACLK_MAXIGP0WVALID)
                                                      0.833     3.094 r  design_1_i/processing_system7_0/inst/PS7_i/MAXIGP0WVALID
                         net (fo=10, routed)          3.449     6.543    design_1_i/ps7_0_axi_periph/xbar/inst/gen_sasd.crossbar_sasd_0/addr_arbiter_inst/s_axi_wvalid[0]
    SLICE_X80Y60         LUT5 (Prop_lut5_I1_O)        0.097     6.640 r  design_1_i/ps7_0_axi_periph/xbar/inst/gen_sasd.crossbar_sasd_0/addr_arbiter_inst/m_axi_wvalid[1]_INST_0/O
                         net (fo=6, routed)           0.525     7.166    design_1_i/cam_axi_1/U0/cam_axi_v1_0_S00_AXI_inst/s00_axi_wvalid
    SLICE_X81Y60         LUT4 (Prop_lut4_I3_O)        0.110     7.276 r  design_1_i/cam_axi_1/U0/cam_axi_v1_0_S00_AXI_inst/slv_reg0[0]_i_3/O
                         net (fo=12, routed)          1.770     9.045    design_1_i/cam_axi_1/U0/cam_axi_v1_0_S00_AXI_inst/slv_reg_wren__2
    SLICE_X50Y50         LUT4 (Prop_lut4_I0_O)        0.245     9.290 r  design_1_i/cam_axi_1/U0/cam_axi_v1_0_S00_AXI_inst/slv_reg0[31]_i_1/O
                         net (fo=8, routed)           0.341     9.632    design_1_i/cam_axi_1/U0/cam_axi_v1_0_S00_AXI_inst/p_1_in[31]
    SLICE_X48Y51         FDRE                                         r  design_1_i/cam_axi_1/U0/cam_axi_v1_0_S00_AXI_inst/slv_reg0_reg[31]/CE
  -------------------------------------------------------------------    -------------------

                         (clock clk_fpga_0 rise edge)
                                                     20.000    20.000 r  
    PS7_X0Y0             PS7                          0.000    20.000 r  design_1_i/processing_system7_0/inst/PS7_i/FCLKCLK[0]
                         net (fo=1, routed)           0.786    20.786    design_1_i/processing_system7_0/inst/FCLK_CLK_unbuffered[0]
    BUFGCTRL_X0Y16       BUFG (Prop_bufg_I_O)         0.072    20.858 r  design_1_i/processing_system7_0/inst/buffer_fclk_clk_0.FCLK_CLK_0_BUFG/O
                         net (fo=15140, routed)       1.111    21.970    design_1_i/cam_axi_1/U0/cam_axi_v1_0_S00_AXI_inst/s00_axi_aclk
    SLICE_X48Y51         FDRE                                         r  design_1_i/cam_axi_1/U0/cam_axi_v1_0_S00_AXI_inst/slv_reg0_reg[31]/C
                         clock pessimism              0.168    22.138    
                         clock uncertainty           -0.302    21.836    
    SLICE_X48Y51         FDRE (Setup_fdre_C_CE)      -0.150    21.686    design_1_i/cam_axi_1/U0/cam_axi_v1_0_S00_AXI_inst/slv_reg0_reg[31]
  -------------------------------------------------------------------
                         required time                         21.686    
                         arrival time                          -9.632    
  -------------------------------------------------------------------
                         slack                                 12.054    

Slack (MET) :             12.058ns  (required time - arrival time)
  Source:                 design_1_i/processing_system7_0/inst/PS7_i/MAXIGP0ACLK
                            (rising edge-triggered cell PS7 clocked by clk_fpga_0  {rise@0.000ns fall@10.000ns period=20.000ns})
  Destination:            design_1_i/cam_axi_1/U0/cam_axi_v1_0_S00_AXI_inst/slv_reg0_reg[24]/CE
                            (rising edge-triggered cell FDRE clocked by clk_fpga_0  {rise@0.000ns fall@10.000ns period=20.000ns})
  Path Group:             clk_fpga_0
  Path Type:              Setup (Max at Slow Process Corner)
  Requirement:            20.000ns  (clk_fpga_0 rise@20.000ns - clk_fpga_0 rise@0.000ns)
  Data Path Delay:        7.367ns  (logic 1.285ns (17.442%)  route 6.082ns (82.558%))
  Logic Levels:           3  (LUT4=2 LUT5=1)
  Clock Path Skew:        -0.123ns (DCD - SCD + CPR)
    Destination Clock Delay (DCD):    1.970ns = ( 21.970 - 20.000 ) 
    Source Clock Delay      (SCD):    2.261ns
    Clock Pessimism Removal (CPR):    0.168ns
  Clock Uncertainty:      0.302ns  ((TSJ^2 + TIJ^2)^1/2 + DJ) / 2 + PE
    Total System Jitter     (TSJ):    0.071ns
    Total Input Jitter      (TIJ):    0.600ns
    Discrete Jitter          (DJ):    0.000ns
    Phase Error              (PE):    0.000ns

    Location             Delay type                Incr(ns)  Path(ns)    Netlist Resource(s)
  -------------------------------------------------------------------    -------------------
                         (clock clk_fpga_0 rise edge)
                                                      0.000     0.000 r  
    PS7_X0Y0             PS7                          0.000     0.000 r  design_1_i/processing_system7_0/inst/PS7_i/FCLKCLK[0]
                         net (fo=1, routed)           0.863     0.863    design_1_i/processing_system7_0/inst/FCLK_CLK_unbuffered[0]
    BUFGCTRL_X0Y16       BUFG (Prop_bufg_I_O)         0.079     0.942 r  design_1_i/processing_system7_0/inst/buffer_fclk_clk_0.FCLK_CLK_0_BUFG/O
                         net (fo=15140, routed)       1.319     2.261    design_1_i/processing_system7_0/inst/M_AXI_GP0_ACLK
    PS7_X0Y0             PS7                                          r  design_1_i/processing_system7_0/inst/PS7_i/MAXIGP0ACLK
  -------------------------------------------------------------------    -------------------
    PS7_X0Y0             PS7 (Prop_ps7_MAXIGP0ACLK_MAXIGP0WVALID)
                                                      0.833     3.094 r  design_1_i/processing_system7_0/inst/PS7_i/MAXIGP0WVALID
                         net (fo=10, routed)          3.449     6.543    design_1_i/ps7_0_axi_periph/xbar/inst/gen_sasd.crossbar_sasd_0/addr_arbiter_inst/s_axi_wvalid[0]
    SLICE_X80Y60         LUT5 (Prop_lut5_I1_O)        0.097     6.640 r  design_1_i/ps7_0_axi_periph/xbar/inst/gen_sasd.crossbar_sasd_0/addr_arbiter_inst/m_axi_wvalid[1]_INST_0/O
                         net (fo=6, routed)           0.525     7.166    design_1_i/cam_axi_1/U0/cam_axi_v1_0_S00_AXI_inst/s00_axi_wvalid
    SLICE_X81Y60         LUT4 (Prop_lut4_I3_O)        0.110     7.276 r  design_1_i/cam_axi_1/U0/cam_axi_v1_0_S00_AXI_inst/slv_reg0[0]_i_3/O
                         net (fo=12, routed)          1.770     9.045    design_1_i/cam_axi_1/U0/cam_axi_v1_0_S00_AXI_inst/slv_reg_wren__2
    SLICE_X50Y50         LUT4 (Prop_lut4_I0_O)        0.245     9.290 r  design_1_i/cam_axi_1/U0/cam_axi_v1_0_S00_AXI_inst/slv_reg0[31]_i_1/O
                         net (fo=8, routed)           0.338     9.628    design_1_i/cam_axi_1/U0/cam_axi_v1_0_S00_AXI_inst/p_1_in[31]
    SLICE_X48Y50         FDRE                                         r  design_1_i/cam_axi_1/U0/cam_axi_v1_0_S00_AXI_inst/slv_reg0_reg[24]/CE
  -------------------------------------------------------------------    -------------------

                         (clock clk_fpga_0 rise edge)
                                                     20.000    20.000 r  
    PS7_X0Y0             PS7                          0.000    20.000 r  design_1_i/processing_system7_0/inst/PS7_i/FCLKCLK[0]
                         net (fo=1, routed)           0.786    20.786    design_1_i/processing_system7_0/inst/FCLK_CLK_unbuffered[0]
    BUFGCTRL_X0Y16       BUFG (Prop_bufg_I_O)         0.072    20.858 r  design_1_i/processing_system7_0/inst/buffer_fclk_clk_0.FCLK_CLK_0_BUFG/O
                         net (fo=15140, routed)       1.111    21.970    design_1_i/cam_axi_1/U0/cam_axi_v1_0_S00_AXI_inst/s00_axi_aclk
    SLICE_X48Y50         FDRE                                         r  design_1_i/cam_axi_1/U0/cam_axi_v1_0_S00_AXI_inst/slv_reg0_reg[24]/C
                         clock pessimism              0.168    22.138    
                         clock uncertainty           -0.302    21.836    
    SLICE_X48Y50         FDRE (Setup_fdre_C_CE)      -0.150    21.686    design_1_i/cam_axi_1/U0/cam_axi_v1_0_S00_AXI_inst/slv_reg0_reg[24]
  -------------------------------------------------------------------
                         required time                         21.686    
                         arrival time                          -9.628    
  -------------------------------------------------------------------
                         slack                                 12.058    

Slack (MET) :             12.058ns  (required time - arrival time)
  Source:                 design_1_i/processing_system7_0/inst/PS7_i/MAXIGP0ACLK
                            (rising edge-triggered cell PS7 clocked by clk_fpga_0  {rise@0.000ns fall@10.000ns period=20.000ns})
  Destination:            design_1_i/cam_axi_1/U0/cam_axi_v1_0_S00_AXI_inst/slv_reg0_reg[25]/CE
                            (rising edge-triggered cell FDRE clocked by clk_fpga_0  {rise@0.000ns fall@10.000ns period=20.000ns})
  Path Group:             clk_fpga_0
  Path Type:              Setup (Max at Slow Process Corner)
  Requirement:            20.000ns  (clk_fpga_0 rise@20.000ns - clk_fpga_0 rise@0.000ns)
  Data Path Delay:        7.367ns  (logic 1.285ns (17.442%)  route 6.082ns (82.558%))
  Logic Levels:           3  (LUT4=2 LUT5=1)
  Clock Path Skew:        -0.123ns (DCD - SCD + CPR)
    Destination Clock Delay (DCD):    1.970ns = ( 21.970 - 20.000 ) 
    Source Clock Delay      (SCD):    2.261ns
    Clock Pessimism Removal (CPR):    0.168ns
  Clock Uncertainty:      0.302ns  ((TSJ^2 + TIJ^2)^1/2 + DJ) / 2 + PE
    Total System Jitter     (TSJ):    0.071ns
    Total Input Jitter      (TIJ):    0.600ns
    Discrete Jitter          (DJ):    0.000ns
    Phase Error              (PE):    0.000ns

    Location             Delay type                Incr(ns)  Path(ns)    Netlist Resource(s)
  -------------------------------------------------------------------    -------------------
                         (clock clk_fpga_0 rise edge)
                                                      0.000     0.000 r  
    PS7_X0Y0             PS7                          0.000     0.000 r  design_1_i/processing_system7_0/inst/PS7_i/FCLKCLK[0]
                         net (fo=1, routed)           0.863     0.863    design_1_i/processing_system7_0/inst/FCLK_CLK_unbuffered[0]
    BUFGCTRL_X0Y16       BUFG (Prop_bufg_I_O)         0.079     0.942 r  design_1_i/processing_system7_0/inst/buffer_fclk_clk_0.FCLK_CLK_0_BUFG/O
                         net (fo=15140, routed)       1.319     2.261    design_1_i/processing_system7_0/inst/M_AXI_GP0_ACLK
    PS7_X0Y0             PS7                                          r  design_1_i/processing_system7_0/inst/PS7_i/MAXIGP0ACLK
  -------------------------------------------------------------------    -------------------
    PS7_X0Y0             PS7 (Prop_ps7_MAXIGP0ACLK_MAXIGP0WVALID)
                                                      0.833     3.094 r  design_1_i/processing_system7_0/inst/PS7_i/MAXIGP0WVALID
                         net (fo=10, routed)          3.449     6.543    design_1_i/ps7_0_axi_periph/xbar/inst/gen_sasd.crossbar_sasd_0/addr_arbiter_inst/s_axi_wvalid[0]
    SLICE_X80Y60         LUT5 (Prop_lut5_I1_O)        0.097     6.640 r  design_1_i/ps7_0_axi_periph/xbar/inst/gen_sasd.crossbar_sasd_0/addr_arbiter_inst/m_axi_wvalid[1]_INST_0/O
                         net (fo=6, routed)           0.525     7.166    design_1_i/cam_axi_1/U0/cam_axi_v1_0_S00_AXI_inst/s00_axi_wvalid
    SLICE_X81Y60         LUT4 (Prop_lut4_I3_O)        0.110     7.276 r  design_1_i/cam_axi_1/U0/cam_axi_v1_0_S00_AXI_inst/slv_reg0[0]_i_3/O
                         net (fo=12, routed)          1.770     9.045    design_1_i/cam_axi_1/U0/cam_axi_v1_0_S00_AXI_inst/slv_reg_wren__2
    SLICE_X50Y50         LUT4 (Prop_lut4_I0_O)        0.245     9.290 r  design_1_i/cam_axi_1/U0/cam_axi_v1_0_S00_AXI_inst/slv_reg0[31]_i_1/O
                         net (fo=8, routed)           0.338     9.628    design_1_i/cam_axi_1/U0/cam_axi_v1_0_S00_AXI_inst/p_1_in[31]
    SLICE_X49Y50         FDRE                                         r  design_1_i/cam_axi_1/U0/cam_axi_v1_0_S00_AXI_inst/slv_reg0_reg[25]/CE
  -------------------------------------------------------------------    -------------------

                         (clock clk_fpga_0 rise edge)
                                                     20.000    20.000 r  
    PS7_X0Y0             PS7                          0.000    20.000 r  design_1_i/processing_system7_0/inst/PS7_i/FCLKCLK[0]
                         net (fo=1, routed)           0.786    20.786    design_1_i/processing_system7_0/inst/FCLK_CLK_unbuffered[0]
    BUFGCTRL_X0Y16       BUFG (Prop_bufg_I_O)         0.072    20.858 r  design_1_i/processing_system7_0/inst/buffer_fclk_clk_0.FCLK_CLK_0_BUFG/O
                         net (fo=15140, routed)       1.111    21.970    design_1_i/cam_axi_1/U0/cam_axi_v1_0_S00_AXI_inst/s00_axi_aclk
    SLICE_X49Y50         FDRE                                         r  design_1_i/cam_axi_1/U0/cam_axi_v1_0_S00_AXI_inst/slv_reg0_reg[25]/C
                         clock pessimism              0.168    22.138    
                         clock uncertainty           -0.302    21.836    
    SLICE_X49Y50         FDRE (Setup_fdre_C_CE)      -0.150    21.686    design_1_i/cam_axi_1/U0/cam_axi_v1_0_S00_AXI_inst/slv_reg0_reg[25]
  -------------------------------------------------------------------
                         required time                         21.686    
                         arrival time                          -9.628    
  -------------------------------------------------------------------
                         slack                                 12.058    

Slack (MET) :             12.058ns  (required time - arrival time)
  Source:                 design_1_i/processing_system7_0/inst/PS7_i/MAXIGP0ACLK
                            (rising edge-triggered cell PS7 clocked by clk_fpga_0  {rise@0.000ns fall@10.000ns period=20.000ns})
  Destination:            design_1_i/cam_axi_1/U0/cam_axi_v1_0_S00_AXI_inst/slv_reg0_reg[27]/CE
                            (rising edge-triggered cell FDRE clocked by clk_fpga_0  {rise@0.000ns fall@10.000ns period=20.000ns})
  Path Group:             clk_fpga_0
  Path Type:              Setup (Max at Slow Process Corner)
  Requirement:            20.000ns  (clk_fpga_0 rise@20.000ns - clk_fpga_0 rise@0.000ns)
  Data Path Delay:        7.367ns  (logic 1.285ns (17.442%)  route 6.082ns (82.558%))
  Logic Levels:           3  (LUT4=2 LUT5=1)
  Clock Path Skew:        -0.123ns (DCD - SCD + CPR)
    Destination Clock Delay (DCD):    1.970ns = ( 21.970 - 20.000 ) 
    Source Clock Delay      (SCD):    2.261ns
    Clock Pessimism Removal (CPR):    0.168ns
  Clock Uncertainty:      0.302ns  ((TSJ^2 + TIJ^2)^1/2 + DJ) / 2 + PE
    Total System Jitter     (TSJ):    0.071ns
    Total Input Jitter      (TIJ):    0.600ns
    Discrete Jitter          (DJ):    0.000ns
    Phase Error              (PE):    0.000ns

    Location             Delay type                Incr(ns)  Path(ns)    Netlist Resource(s)
  -------------------------------------------------------------------    -------------------
                         (clock clk_fpga_0 rise edge)
                                                      0.000     0.000 r  
    PS7_X0Y0             PS7                          0.000     0.000 r  design_1_i/processing_system7_0/inst/PS7_i/FCLKCLK[0]
                         net (fo=1, routed)           0.863     0.863    design_1_i/processing_system7_0/inst/FCLK_CLK_unbuffered[0]
    BUFGCTRL_X0Y16       BUFG (Prop_bufg_I_O)         0.079     0.942 r  design_1_i/processing_system7_0/inst/buffer_fclk_clk_0.FCLK_CLK_0_BUFG/O
                         net (fo=15140, routed)       1.319     2.261    design_1_i/processing_system7_0/inst/M_AXI_GP0_ACLK
    PS7_X0Y0             PS7                                          r  design_1_i/processing_system7_0/inst/PS7_i/MAXIGP0ACLK
  -------------------------------------------------------------------    -------------------
    PS7_X0Y0             PS7 (Prop_ps7_MAXIGP0ACLK_MAXIGP0WVALID)
                                                      0.833     3.094 r  design_1_i/processing_system7_0/inst/PS7_i/MAXIGP0WVALID
                         net (fo=10, routed)          3.449     6.543    design_1_i/ps7_0_axi_periph/xbar/inst/gen_sasd.crossbar_sasd_0/addr_arbiter_inst/s_axi_wvalid[0]
    SLICE_X80Y60         LUT5 (Prop_lut5_I1_O)        0.097     6.640 r  design_1_i/ps7_0_axi_periph/xbar/inst/gen_sasd.crossbar_sasd_0/addr_arbiter_inst/m_axi_wvalid[1]_INST_0/O
                         net (fo=6, routed)           0.525     7.166    design_1_i/cam_axi_1/U0/cam_axi_v1_0_S00_AXI_inst/s00_axi_wvalid
    SLICE_X81Y60         LUT4 (Prop_lut4_I3_O)        0.110     7.276 r  design_1_i/cam_axi_1/U0/cam_axi_v1_0_S00_AXI_inst/slv_reg0[0]_i_3/O
                         net (fo=12, routed)          1.770     9.045    design_1_i/cam_axi_1/U0/cam_axi_v1_0_S00_AXI_inst/slv_reg_wren__2
    SLICE_X50Y50         LUT4 (Prop_lut4_I0_O)        0.245     9.290 r  design_1_i/cam_axi_1/U0/cam_axi_v1_0_S00_AXI_inst/slv_reg0[31]_i_1/O
                         net (fo=8, routed)           0.338     9.628    design_1_i/cam_axi_1/U0/cam_axi_v1_0_S00_AXI_inst/p_1_in[31]
    SLICE_X49Y50         FDRE                                         r  design_1_i/cam_axi_1/U0/cam_axi_v1_0_S00_AXI_inst/slv_reg0_reg[27]/CE
  -------------------------------------------------------------------    -------------------

                         (clock clk_fpga_0 rise edge)
                                                     20.000    20.000 r  
    PS7_X0Y0             PS7                          0.000    20.000 r  design_1_i/processing_system7_0/inst/PS7_i/FCLKCLK[0]
                         net (fo=1, routed)           0.786    20.786    design_1_i/processing_system7_0/inst/FCLK_CLK_unbuffered[0]
    BUFGCTRL_X0Y16       BUFG (Prop_bufg_I_O)         0.072    20.858 r  design_1_i/processing_system7_0/inst/buffer_fclk_clk_0.FCLK_CLK_0_BUFG/O
                         net (fo=15140, routed)       1.111    21.970    design_1_i/cam_axi_1/U0/cam_axi_v1_0_S00_AXI_inst/s00_axi_aclk
    SLICE_X49Y50         FDRE                                         r  design_1_i/cam_axi_1/U0/cam_axi_v1_0_S00_AXI_inst/slv_reg0_reg[27]/C
                         clock pessimism              0.168    22.138    
                         clock uncertainty           -0.302    21.836    
    SLICE_X49Y50         FDRE (Setup_fdre_C_CE)      -0.150    21.686    design_1_i/cam_axi_1/U0/cam_axi_v1_0_S00_AXI_inst/slv_reg0_reg[27]
  -------------------------------------------------------------------
                         required time                         21.686    
                         arrival time                          -9.628    
  -------------------------------------------------------------------
                         slack                                 12.058    

Slack (MET) :             12.058ns  (required time - arrival time)
  Source:                 design_1_i/processing_system7_0/inst/PS7_i/MAXIGP0ACLK
                            (rising edge-triggered cell PS7 clocked by clk_fpga_0  {rise@0.000ns fall@10.000ns period=20.000ns})
  Destination:            design_1_i/cam_axi_1/U0/cam_axi_v1_0_S00_AXI_inst/slv_reg0_reg[28]/CE
                            (rising edge-triggered cell FDRE clocked by clk_fpga_0  {rise@0.000ns fall@10.000ns period=20.000ns})
  Path Group:             clk_fpga_0
  Path Type:              Setup (Max at Slow Process Corner)
  Requirement:            20.000ns  (clk_fpga_0 rise@20.000ns - clk_fpga_0 rise@0.000ns)
  Data Path Delay:        7.367ns  (logic 1.285ns (17.442%)  route 6.082ns (82.558%))
  Logic Levels:           3  (LUT4=2 LUT5=1)
  Clock Path Skew:        -0.123ns (DCD - SCD + CPR)
    Destination Clock Delay (DCD):    1.970ns = ( 21.970 - 20.000 ) 
    Source Clock Delay      (SCD):    2.261ns
    Clock Pessimism Removal (CPR):    0.168ns
  Clock Uncertainty:      0.302ns  ((TSJ^2 + TIJ^2)^1/2 + DJ) / 2 + PE
    Total System Jitter     (TSJ):    0.071ns
    Total Input Jitter      (TIJ):    0.600ns
    Discrete Jitter          (DJ):    0.000ns
    Phase Error              (PE):    0.000ns

    Location             Delay type                Incr(ns)  Path(ns)    Netlist Resource(s)
  -------------------------------------------------------------------    -------------------
                         (clock clk_fpga_0 rise edge)
                                                      0.000     0.000 r  
    PS7_X0Y0             PS7                          0.000     0.000 r  design_1_i/processing_system7_0/inst/PS7_i/FCLKCLK[0]
                         net (fo=1, routed)           0.863     0.863    design_1_i/processing_system7_0/inst/FCLK_CLK_unbuffered[0]
    BUFGCTRL_X0Y16       BUFG (Prop_bufg_I_O)         0.079     0.942 r  design_1_i/processing_system7_0/inst/buffer_fclk_clk_0.FCLK_CLK_0_BUFG/O
                         net (fo=15140, routed)       1.319     2.261    design_1_i/processing_system7_0/inst/M_AXI_GP0_ACLK
    PS7_X0Y0             PS7                                          r  design_1_i/processing_system7_0/inst/PS7_i/MAXIGP0ACLK
  -------------------------------------------------------------------    -------------------
    PS7_X0Y0             PS7 (Prop_ps7_MAXIGP0ACLK_MAXIGP0WVALID)
                                                      0.833     3.094 r  design_1_i/processing_system7_0/inst/PS7_i/MAXIGP0WVALID
                         net (fo=10, routed)          3.449     6.543    design_1_i/ps7_0_axi_periph/xbar/inst/gen_sasd.crossbar_sasd_0/addr_arbiter_inst/s_axi_wvalid[0]
    SLICE_X80Y60         LUT5 (Prop_lut5_I1_O)        0.097     6.640 r  design_1_i/ps7_0_axi_periph/xbar/inst/gen_sasd.crossbar_sasd_0/addr_arbiter_inst/m_axi_wvalid[1]_INST_0/O
                         net (fo=6, routed)           0.525     7.166    design_1_i/cam_axi_1/U0/cam_axi_v1_0_S00_AXI_inst/s00_axi_wvalid
    SLICE_X81Y60         LUT4 (Prop_lut4_I3_O)        0.110     7.276 r  design_1_i/cam_axi_1/U0/cam_axi_v1_0_S00_AXI_inst/slv_reg0[0]_i_3/O
                         net (fo=12, routed)          1.770     9.045    design_1_i/cam_axi_1/U0/cam_axi_v1_0_S00_AXI_inst/slv_reg_wren__2
    SLICE_X50Y50         LUT4 (Prop_lut4_I0_O)        0.245     9.290 r  design_1_i/cam_axi_1/U0/cam_axi_v1_0_S00_AXI_inst/slv_reg0[31]_i_1/O
                         net (fo=8, routed)           0.338     9.628    design_1_i/cam_axi_1/U0/cam_axi_v1_0_S00_AXI_inst/p_1_in[31]
    SLICE_X49Y50         FDRE                                         r  design_1_i/cam_axi_1/U0/cam_axi_v1_0_S00_AXI_inst/slv_reg0_reg[28]/CE
  -------------------------------------------------------------------    -------------------

                         (clock clk_fpga_0 rise edge)
                                                     20.000    20.000 r  
    PS7_X0Y0             PS7                          0.000    20.000 r  design_1_i/processing_system7_0/inst/PS7_i/FCLKCLK[0]
                         net (fo=1, routed)           0.786    20.786    design_1_i/processing_system7_0/inst/FCLK_CLK_unbuffered[0]
    BUFGCTRL_X0Y16       BUFG (Prop_bufg_I_O)         0.072    20.858 r  design_1_i/processing_system7_0/inst/buffer_fclk_clk_0.FCLK_CLK_0_BUFG/O
                         net (fo=15140, routed)       1.111    21.970    design_1_i/cam_axi_1/U0/cam_axi_v1_0_S00_AXI_inst/s00_axi_aclk
    SLICE_X49Y50         FDRE                                         r  design_1_i/cam_axi_1/U0/cam_axi_v1_0_S00_AXI_inst/slv_reg0_reg[28]/C
                         clock pessimism              0.168    22.138    
                         clock uncertainty           -0.302    21.836    
    SLICE_X49Y50         FDRE (Setup_fdre_C_CE)      -0.150    21.686    design_1_i/cam_axi_1/U0/cam_axi_v1_0_S00_AXI_inst/slv_reg0_reg[28]
  -------------------------------------------------------------------
                         required time                         21.686    
                         arrival time                          -9.628    
  -------------------------------------------------------------------
                         slack                                 12.058    

Slack (MET) :             12.058ns  (required time - arrival time)
  Source:                 design_1_i/processing_system7_0/inst/PS7_i/MAXIGP0ACLK
                            (rising edge-triggered cell PS7 clocked by clk_fpga_0  {rise@0.000ns fall@10.000ns period=20.000ns})
  Destination:            design_1_i/cam_axi_1/U0/cam_axi_v1_0_S00_AXI_inst/slv_reg0_reg[30]/CE
                            (rising edge-triggered cell FDRE clocked by clk_fpga_0  {rise@0.000ns fall@10.000ns period=20.000ns})
  Path Group:             clk_fpga_0
  Path Type:              Setup (Max at Slow Process Corner)
  Requirement:            20.000ns  (clk_fpga_0 rise@20.000ns - clk_fpga_0 rise@0.000ns)
  Data Path Delay:        7.367ns  (logic 1.285ns (17.442%)  route 6.082ns (82.558%))
  Logic Levels:           3  (LUT4=2 LUT5=1)
  Clock Path Skew:        -0.123ns (DCD - SCD + CPR)
    Destination Clock Delay (DCD):    1.970ns = ( 21.970 - 20.000 ) 
    Source Clock Delay      (SCD):    2.261ns
    Clock Pessimism Removal (CPR):    0.168ns
  Clock Uncertainty:      0.302ns  ((TSJ^2 + TIJ^2)^1/2 + DJ) / 2 + PE
    Total System Jitter     (TSJ):    0.071ns
    Total Input Jitter      (TIJ):    0.600ns
    Discrete Jitter          (DJ):    0.000ns
    Phase Error              (PE):    0.000ns

    Location             Delay type                Incr(ns)  Path(ns)    Netlist Resource(s)
  -------------------------------------------------------------------    -------------------
                         (clock clk_fpga_0 rise edge)
                                                      0.000     0.000 r  
    PS7_X0Y0             PS7                          0.000     0.000 r  design_1_i/processing_system7_0/inst/PS7_i/FCLKCLK[0]
                         net (fo=1, routed)           0.863     0.863    design_1_i/processing_system7_0/inst/FCLK_CLK_unbuffered[0]
    BUFGCTRL_X0Y16       BUFG (Prop_bufg_I_O)         0.079     0.942 r  design_1_i/processing_system7_0/inst/buffer_fclk_clk_0.FCLK_CLK_0_BUFG/O
                         net (fo=15140, routed)       1.319     2.261    design_1_i/processing_system7_0/inst/M_AXI_GP0_ACLK
    PS7_X0Y0             PS7                                          r  design_1_i/processing_system7_0/inst/PS7_i/MAXIGP0ACLK
  -------------------------------------------------------------------    -------------------
    PS7_X0Y0             PS7 (Prop_ps7_MAXIGP0ACLK_MAXIGP0WVALID)
                                                      0.833     3.094 r  design_1_i/processing_system7_0/inst/PS7_i/MAXIGP0WVALID
                         net (fo=10, routed)          3.449     6.543    design_1_i/ps7_0_axi_periph/xbar/inst/gen_sasd.crossbar_sasd_0/addr_arbiter_inst/s_axi_wvalid[0]
    SLICE_X80Y60         LUT5 (Prop_lut5_I1_O)        0.097     6.640 r  design_1_i/ps7_0_axi_periph/xbar/inst/gen_sasd.crossbar_sasd_0/addr_arbiter_inst/m_axi_wvalid[1]_INST_0/O
                         net (fo=6, routed)           0.525     7.166    design_1_i/cam_axi_1/U0/cam_axi_v1_0_S00_AXI_inst/s00_axi_wvalid
    SLICE_X81Y60         LUT4 (Prop_lut4_I3_O)        0.110     7.276 r  design_1_i/cam_axi_1/U0/cam_axi_v1_0_S00_AXI_inst/slv_reg0[0]_i_3/O
                         net (fo=12, routed)          1.770     9.045    design_1_i/cam_axi_1/U0/cam_axi_v1_0_S00_AXI_inst/slv_reg_wren__2
    SLICE_X50Y50         LUT4 (Prop_lut4_I0_O)        0.245     9.290 r  design_1_i/cam_axi_1/U0/cam_axi_v1_0_S00_AXI_inst/slv_reg0[31]_i_1/O
                         net (fo=8, routed)           0.338     9.628    design_1_i/cam_axi_1/U0/cam_axi_v1_0_S00_AXI_inst/p_1_in[31]
    SLICE_X49Y50         FDRE                                         r  design_1_i/cam_axi_1/U0/cam_axi_v1_0_S00_AXI_inst/slv_reg0_reg[30]/CE
  -------------------------------------------------------------------    -------------------

                         (clock clk_fpga_0 rise edge)
                                                     20.000    20.000 r  
    PS7_X0Y0             PS7                          0.000    20.000 r  design_1_i/processing_system7_0/inst/PS7_i/FCLKCLK[0]
                         net (fo=1, routed)           0.786    20.786    design_1_i/processing_system7_0/inst/FCLK_CLK_unbuffered[0]
    BUFGCTRL_X0Y16       BUFG (Prop_bufg_I_O)         0.072    20.858 r  design_1_i/processing_system7_0/inst/buffer_fclk_clk_0.FCLK_CLK_0_BUFG/O
                         net (fo=15140, routed)       1.111    21.970    design_1_i/cam_axi_1/U0/cam_axi_v1_0_S00_AXI_inst/s00_axi_aclk
    SLICE_X49Y50         FDRE                                         r  design_1_i/cam_axi_1/U0/cam_axi_v1_0_S00_AXI_inst/slv_reg0_reg[30]/C
                         clock pessimism              0.168    22.138    
                         clock uncertainty           -0.302    21.836    
    SLICE_X49Y50         FDRE (Setup_fdre_C_CE)      -0.150    21.686    design_1_i/cam_axi_1/U0/cam_axi_v1_0_S00_AXI_inst/slv_reg0_reg[30]
  -------------------------------------------------------------------
                         required time                         21.686    
                         arrival time                          -9.628    
  -------------------------------------------------------------------
                         slack                                 12.058    





Min Delay Paths
--------------------------------------------------------------------------------------
Slack (MET) :             0.057ns  (arrival time - required time)
  Source:                 design_1_i/smartconnect_0/inst/s01_entry_pipeline/s01_mmu/inst/r_sreg/m_vector_i_reg[1073]/C
                            (rising edge-triggered cell FDRE clocked by clk_fpga_0  {rise@0.000ns fall@10.000ns period=20.000ns})
  Destination:            design_1_i/axi_vdma_3/U0/GEN_SPRT_FOR_MM2S.MM2S_LINEBUFFER_I/GEN_LINEBUF_FLUSH_SOF.GEN_LINEBUFFER.GEN_SYNC_FIFO.I_LINEBUFFER_FIFO/xpm_fifo_sync_inst/xpm_fifo_base_inst/gen_sdpram.xpm_memory_base_inst/gen_wr_a.gen_word_narrow.mem_reg/DIADI[14]
                            (rising edge-triggered cell RAMB36E1 clocked by clk_fpga_0  {rise@0.000ns fall@10.000ns period=20.000ns})
  Path Group:             clk_fpga_0
  Path Type:              Hold (Min at Fast Process Corner)
  Requirement:            0.000ns  (clk_fpga_0 rise@0.000ns - clk_fpga_0 rise@0.000ns)
  Data Path Delay:        0.264ns  (logic 0.164ns (62.088%)  route 0.100ns (37.912%))
  Logic Levels:           0  
  Clock Path Skew:        0.052ns (DCD - SCD - CPR)
    Destination Clock Delay (DCD):    1.253ns
    Source Clock Delay      (SCD):    0.919ns
    Clock Pessimism Removal (CPR):    0.282ns

    Location             Delay type                Incr(ns)  Path(ns)    Netlist Resource(s)
  -------------------------------------------------------------------    -------------------
                         (clock clk_fpga_0 rise edge)
                                                      0.000     0.000 r  
    PS7_X0Y0             PS7                          0.000     0.000 r  design_1_i/processing_system7_0/inst/PS7_i/FCLKCLK[0]
                         net (fo=1, routed)           0.310     0.310    design_1_i/processing_system7_0/inst/FCLK_CLK_unbuffered[0]
    BUFGCTRL_X0Y16       BUFG (Prop_bufg_I_O)         0.026     0.336 r  design_1_i/processing_system7_0/inst/buffer_fclk_clk_0.FCLK_CLK_0_BUFG/O
                         net (fo=15140, routed)       0.583     0.919    design_1_i/smartconnect_0/inst/s01_entry_pipeline/s01_mmu/inst/r_sreg/aclk
    SLICE_X22Y23         FDRE                                         r  design_1_i/smartconnect_0/inst/s01_entry_pipeline/s01_mmu/inst/r_sreg/m_vector_i_reg[1073]/C
  -------------------------------------------------------------------    -------------------
    SLICE_X22Y23         FDRE (Prop_fdre_C_Q)         0.164     1.082 r  design_1_i/smartconnect_0/inst/s01_entry_pipeline/s01_mmu/inst/r_sreg/m_vector_i_reg[1073]/Q
                         net (fo=1, routed)           0.100     1.183    design_1_i/axi_vdma_3/U0/GEN_SPRT_FOR_MM2S.MM2S_LINEBUFFER_I/GEN_LINEBUF_FLUSH_SOF.GEN_LINEBUFFER.GEN_SYNC_FIFO.I_LINEBUFFER_FIFO/xpm_fifo_sync_inst/xpm_fifo_base_inst/gen_sdpram.xpm_memory_base_inst/dina[14]
    RAMB36_X1Y4          RAMB36E1                                     r  design_1_i/axi_vdma_3/U0/GEN_SPRT_FOR_MM2S.MM2S_LINEBUFFER_I/GEN_LINEBUF_FLUSH_SOF.GEN_LINEBUFFER.GEN_SYNC_FIFO.I_LINEBUFFER_FIFO/xpm_fifo_sync_inst/xpm_fifo_base_inst/gen_sdpram.xpm_memory_base_inst/gen_wr_a.gen_word_narrow.mem_reg/DIADI[14]
  -------------------------------------------------------------------    -------------------

                         (clock clk_fpga_0 rise edge)
                                                      0.000     0.000 r  
    PS7_X0Y0             PS7                          0.000     0.000 r  design_1_i/processing_system7_0/inst/PS7_i/FCLKCLK[0]
                         net (fo=1, routed)           0.337     0.337    design_1_i/processing_system7_0/inst/FCLK_CLK_unbuffered[0]
    BUFGCTRL_X0Y16       BUFG (Prop_bufg_I_O)         0.029     0.366 r  design_1_i/processing_system7_0/inst/buffer_fclk_clk_0.FCLK_CLK_0_BUFG/O
                         net (fo=15140, routed)       0.887     1.253    design_1_i/axi_vdma_3/U0/GEN_SPRT_FOR_MM2S.MM2S_LINEBUFFER_I/GEN_LINEBUF_FLUSH_SOF.GEN_LINEBUFFER.GEN_SYNC_FIFO.I_LINEBUFFER_FIFO/xpm_fifo_sync_inst/xpm_fifo_base_inst/gen_sdpram.xpm_memory_base_inst/clka
    RAMB36_X1Y4          RAMB36E1                                     r  design_1_i/axi_vdma_3/U0/GEN_SPRT_FOR_MM2S.MM2S_LINEBUFFER_I/GEN_LINEBUF_FLUSH_SOF.GEN_LINEBUFFER.GEN_SYNC_FIFO.I_LINEBUFFER_FIFO/xpm_fifo_sync_inst/xpm_fifo_base_inst/gen_sdpram.xpm_memory_base_inst/gen_wr_a.gen_word_narrow.mem_reg/CLKBWRCLK
                         clock pessimism             -0.282     0.970    
    RAMB36_X1Y4          RAMB36E1 (Hold_ramb36e1_CLKBWRCLK_DIADI[14])
                                                      0.155     1.125    design_1_i/axi_vdma_3/U0/GEN_SPRT_FOR_MM2S.MM2S_LINEBUFFER_I/GEN_LINEBUF_FLUSH_SOF.GEN_LINEBUFFER.GEN_SYNC_FIFO.I_LINEBUFFER_FIFO/xpm_fifo_sync_inst/xpm_fifo_base_inst/gen_sdpram.xpm_memory_base_inst/gen_wr_a.gen_word_narrow.mem_reg
  -------------------------------------------------------------------
                         required time                         -1.125    
                         arrival time                           1.183    
  -------------------------------------------------------------------
                         slack                                  0.057    

Slack (MET) :             0.059ns  (arrival time - required time)
  Source:                 design_1_i/smartconnect_0/inst/s01_entry_pipeline/s01_mmu/inst/r_sreg/m_vector_i_reg[1112]/C
                            (rising edge-triggered cell FDRE clocked by clk_fpga_0  {rise@0.000ns fall@10.000ns period=20.000ns})
  Destination:            design_1_i/axi_vdma_3/U0/GEN_SPRT_FOR_MM2S.MM2S_LINEBUFFER_I/GEN_LINEBUF_FLUSH_SOF.GEN_LINEBUFFER.GEN_SYNC_FIFO.I_LINEBUFFER_FIFO/xpm_fifo_sync_inst/xpm_fifo_base_inst/gen_sdpram.xpm_memory_base_inst/gen_wr_a.gen_word_narrow.mem_reg/DIBDI[21]
                            (rising edge-triggered cell RAMB36E1 clocked by clk_fpga_0  {rise@0.000ns fall@10.000ns period=20.000ns})
  Path Group:             clk_fpga_0
  Path Type:              Hold (Min at Fast Process Corner)
  Requirement:            0.000ns  (clk_fpga_0 rise@0.000ns - clk_fpga_0 rise@0.000ns)
  Data Path Delay:        0.266ns  (logic 0.164ns (61.701%)  route 0.102ns (38.299%))
  Logic Levels:           0  
  Clock Path Skew:        0.052ns (DCD - SCD - CPR)
    Destination Clock Delay (DCD):    1.253ns
    Source Clock Delay      (SCD):    0.919ns
    Clock Pessimism Removal (CPR):    0.282ns

    Location             Delay type                Incr(ns)  Path(ns)    Netlist Resource(s)
  -------------------------------------------------------------------    -------------------
                         (clock clk_fpga_0 rise edge)
                                                      0.000     0.000 r  
    PS7_X0Y0             PS7                          0.000     0.000 r  design_1_i/processing_system7_0/inst/PS7_i/FCLKCLK[0]
                         net (fo=1, routed)           0.310     0.310    design_1_i/processing_system7_0/inst/FCLK_CLK_unbuffered[0]
    BUFGCTRL_X0Y16       BUFG (Prop_bufg_I_O)         0.026     0.336 r  design_1_i/processing_system7_0/inst/buffer_fclk_clk_0.FCLK_CLK_0_BUFG/O
                         net (fo=15140, routed)       0.583     0.919    design_1_i/smartconnect_0/inst/s01_entry_pipeline/s01_mmu/inst/r_sreg/aclk
    SLICE_X22Y23         FDRE                                         r  design_1_i/smartconnect_0/inst/s01_entry_pipeline/s01_mmu/inst/r_sreg/m_vector_i_reg[1112]/C
  -------------------------------------------------------------------    -------------------
    SLICE_X22Y23         FDRE (Prop_fdre_C_Q)         0.164     1.082 r  design_1_i/smartconnect_0/inst/s01_entry_pipeline/s01_mmu/inst/r_sreg/m_vector_i_reg[1112]/Q
                         net (fo=1, routed)           0.102     1.184    design_1_i/axi_vdma_3/U0/GEN_SPRT_FOR_MM2S.MM2S_LINEBUFFER_I/GEN_LINEBUF_FLUSH_SOF.GEN_LINEBUFFER.GEN_SYNC_FIFO.I_LINEBUFFER_FIFO/xpm_fifo_sync_inst/xpm_fifo_base_inst/gen_sdpram.xpm_memory_base_inst/dina[53]
    RAMB36_X1Y4          RAMB36E1                                     r  design_1_i/axi_vdma_3/U0/GEN_SPRT_FOR_MM2S.MM2S_LINEBUFFER_I/GEN_LINEBUF_FLUSH_SOF.GEN_LINEBUFFER.GEN_SYNC_FIFO.I_LINEBUFFER_FIFO/xpm_fifo_sync_inst/xpm_fifo_base_inst/gen_sdpram.xpm_memory_base_inst/gen_wr_a.gen_word_narrow.mem_reg/DIBDI[21]
  -------------------------------------------------------------------    -------------------

                         (clock clk_fpga_0 rise edge)
                                                      0.000     0.000 r  
    PS7_X0Y0             PS7                          0.000     0.000 r  design_1_i/processing_system7_0/inst/PS7_i/FCLKCLK[0]
                         net (fo=1, routed)           0.337     0.337    design_1_i/processing_system7_0/inst/FCLK_CLK_unbuffered[0]
    BUFGCTRL_X0Y16       BUFG (Prop_bufg_I_O)         0.029     0.366 r  design_1_i/processing_system7_0/inst/buffer_fclk_clk_0.FCLK_CLK_0_BUFG/O
                         net (fo=15140, routed)       0.887     1.253    design_1_i/axi_vdma_3/U0/GEN_SPRT_FOR_MM2S.MM2S_LINEBUFFER_I/GEN_LINEBUF_FLUSH_SOF.GEN_LINEBUFFER.GEN_SYNC_FIFO.I_LINEBUFFER_FIFO/xpm_fifo_sync_inst/xpm_fifo_base_inst/gen_sdpram.xpm_memory_base_inst/clka
    RAMB36_X1Y4          RAMB36E1                                     r  design_1_i/axi_vdma_3/U0/GEN_SPRT_FOR_MM2S.MM2S_LINEBUFFER_I/GEN_LINEBUF_FLUSH_SOF.GEN_LINEBUFFER.GEN_SYNC_FIFO.I_LINEBUFFER_FIFO/xpm_fifo_sync_inst/xpm_fifo_base_inst/gen_sdpram.xpm_memory_base_inst/gen_wr_a.gen_word_narrow.mem_reg/CLKBWRCLK
                         clock pessimism             -0.282     0.970    
    RAMB36_X1Y4          RAMB36E1 (Hold_ramb36e1_CLKBWRCLK_DIBDI[21])
                                                      0.155     1.125    design_1_i/axi_vdma_3/U0/GEN_SPRT_FOR_MM2S.MM2S_LINEBUFFER_I/GEN_LINEBUF_FLUSH_SOF.GEN_LINEBUFFER.GEN_SYNC_FIFO.I_LINEBUFFER_FIFO/xpm_fifo_sync_inst/xpm_fifo_base_inst/gen_sdpram.xpm_memory_base_inst/gen_wr_a.gen_word_narrow.mem_reg
  -------------------------------------------------------------------
                         required time                         -1.125    
                         arrival time                           1.184    
  -------------------------------------------------------------------
                         slack                                  0.059    

Slack (MET) :             0.065ns  (arrival time - required time)
  Source:                 design_1_i/cam_axi_1/U0/cam_axi_v1_0_S00_AXI_inst/slv_reg2_reg[21]/C
                            (rising edge-triggered cell FDRE clocked by clk_fpga_0  {rise@0.000ns fall@10.000ns period=20.000ns})
  Destination:            design_1_i/cam_axi_1/U0/cam_axi_v1_0_S00_AXI_inst/axi_rdata_reg[21]/D
                            (rising edge-triggered cell FDRE clocked by clk_fpga_0  {rise@0.000ns fall@10.000ns period=20.000ns})
  Path Group:             clk_fpga_0
  Path Type:              Hold (Min at Fast Process Corner)
  Requirement:            0.000ns  (clk_fpga_0 rise@0.000ns - clk_fpga_0 rise@0.000ns)
  Data Path Delay:        0.420ns  (logic 0.226ns (53.856%)  route 0.194ns (46.144%))
  Logic Levels:           1  (LUT5=1)
  Clock Path Skew:        0.262ns (DCD - SCD - CPR)
    Destination Clock Delay (DCD):    1.187ns
    Source Clock Delay      (SCD):    0.895ns
    Clock Pessimism Removal (CPR):    0.030ns

    Location             Delay type                Incr(ns)  Path(ns)    Netlist Resource(s)
  -------------------------------------------------------------------    -------------------
                         (clock clk_fpga_0 rise edge)
                                                      0.000     0.000 r  
    PS7_X0Y0             PS7                          0.000     0.000 r  design_1_i/processing_system7_0/inst/PS7_i/FCLKCLK[0]
                         net (fo=1, routed)           0.310     0.310    design_1_i/processing_system7_0/inst/FCLK_CLK_unbuffered[0]
    BUFGCTRL_X0Y16       BUFG (Prop_bufg_I_O)         0.026     0.336 r  design_1_i/processing_system7_0/inst/buffer_fclk_clk_0.FCLK_CLK_0_BUFG/O
                         net (fo=15140, routed)       0.559     0.895    design_1_i/cam_axi_1/U0/cam_axi_v1_0_S00_AXI_inst/s00_axi_aclk
    SLICE_X53Y49         FDRE                                         r  design_1_i/cam_axi_1/U0/cam_axi_v1_0_S00_AXI_inst/slv_reg2_reg[21]/C
  -------------------------------------------------------------------    -------------------
    SLICE_X53Y49         FDRE (Prop_fdre_C_Q)         0.128     1.023 r  design_1_i/cam_axi_1/U0/cam_axi_v1_0_S00_AXI_inst/slv_reg2_reg[21]/Q
                         net (fo=1, routed)           0.194     1.216    design_1_i/cam_axi_1/U0/cam_axi_v1_0_S00_AXI_inst/duty[21]
    SLICE_X53Y50         LUT5 (Prop_lut5_I2_O)        0.098     1.314 r  design_1_i/cam_axi_1/U0/cam_axi_v1_0_S00_AXI_inst/axi_rdata[21]_i_1/O
                         net (fo=1, routed)           0.000     1.314    design_1_i/cam_axi_1/U0/cam_axi_v1_0_S00_AXI_inst/reg_data_out[21]
    SLICE_X53Y50         FDRE                                         r  design_1_i/cam_axi_1/U0/cam_axi_v1_0_S00_AXI_inst/axi_rdata_reg[21]/D
  -------------------------------------------------------------------    -------------------

                         (clock clk_fpga_0 rise edge)
                                                      0.000     0.000 r  
    PS7_X0Y0             PS7                          0.000     0.000 r  design_1_i/processing_system7_0/inst/PS7_i/FCLKCLK[0]
                         net (fo=1, routed)           0.337     0.337    design_1_i/processing_system7_0/inst/FCLK_CLK_unbuffered[0]
    BUFGCTRL_X0Y16       BUFG (Prop_bufg_I_O)         0.029     0.366 r  design_1_i/processing_system7_0/inst/buffer_fclk_clk_0.FCLK_CLK_0_BUFG/O
                         net (fo=15140, routed)       0.821     1.187    design_1_i/cam_axi_1/U0/cam_axi_v1_0_S00_AXI_inst/s00_axi_aclk
    SLICE_X53Y50         FDRE                                         r  design_1_i/cam_axi_1/U0/cam_axi_v1_0_S00_AXI_inst/axi_rdata_reg[21]/C
                         clock pessimism             -0.030     1.157    
    SLICE_X53Y50         FDRE (Hold_fdre_C_D)         0.092     1.249    design_1_i/cam_axi_1/U0/cam_axi_v1_0_S00_AXI_inst/axi_rdata_reg[21]
  -------------------------------------------------------------------
                         required time                         -1.249    
                         arrival time                           1.314    
  -------------------------------------------------------------------
                         slack                                  0.065    

Slack (MET) :             0.066ns  (arrival time - required time)
  Source:                 design_1_i/axi_vdma_1/U0/GEN_SPRT_FOR_S2MM.S2MMADDR32.I_S2MM_DMA_MNGR/I_CMDSTS/s_axis_cmd_tdata_reg[59]/C
                            (rising edge-triggered cell FDRE clocked by clk_fpga_0  {rise@0.000ns fall@10.000ns period=20.000ns})
  Destination:            design_1_i/axi_vdma_1/U0/I_PRMRY_DATAMOVER/GEN_S2MM_FULL.I_S2MM_FULL_WRAPPER/I_CMD_STATUS/I_CMD_FIFO/USE_SRL_FIFO.I_SYNC_FIFO/I_SRL_FIFO_RBU_F/DYNSHREG_F_I/INFERRED_GEN.data_reg[3][8]_srl4/D
                            (rising edge-triggered cell SRL16E clocked by clk_fpga_0  {rise@0.000ns fall@10.000ns period=20.000ns})
  Path Group:             clk_fpga_0
  Path Type:              Hold (Min at Fast Process Corner)
  Requirement:            0.000ns  (clk_fpga_0 rise@0.000ns - clk_fpga_0 rise@0.000ns)
  Data Path Delay:        0.196ns  (logic 0.141ns (71.991%)  route 0.055ns (28.009%))
  Logic Levels:           0  
  Clock Path Skew:        0.013ns (DCD - SCD - CPR)
    Destination Clock Delay (DCD):    1.206ns
    Source Clock Delay      (SCD):    0.911ns
    Clock Pessimism Removal (CPR):    0.282ns

    Location             Delay type                Incr(ns)  Path(ns)    Netlist Resource(s)
  -------------------------------------------------------------------    -------------------
                         (clock clk_fpga_0 rise edge)
                                                      0.000     0.000 r  
    PS7_X0Y0             PS7                          0.000     0.000 r  design_1_i/processing_system7_0/inst/PS7_i/FCLKCLK[0]
                         net (fo=1, routed)           0.310     0.310    design_1_i/processing_system7_0/inst/FCLK_CLK_unbuffered[0]
    BUFGCTRL_X0Y16       BUFG (Prop_bufg_I_O)         0.026     0.336 r  design_1_i/processing_system7_0/inst/buffer_fclk_clk_0.FCLK_CLK_0_BUFG/O
                         net (fo=15140, routed)       0.575     0.911    design_1_i/axi_vdma_1/U0/GEN_SPRT_FOR_S2MM.S2MMADDR32.I_S2MM_DMA_MNGR/I_CMDSTS/m_axi_s2mm_aclk
    SLICE_X63Y22         FDRE                                         r  design_1_i/axi_vdma_1/U0/GEN_SPRT_FOR_S2MM.S2MMADDR32.I_S2MM_DMA_MNGR/I_CMDSTS/s_axis_cmd_tdata_reg[59]/C
  -------------------------------------------------------------------    -------------------
    SLICE_X63Y22         FDRE (Prop_fdre_C_Q)         0.141     1.052 r  design_1_i/axi_vdma_1/U0/GEN_SPRT_FOR_S2MM.S2MMADDR32.I_S2MM_DMA_MNGR/I_CMDSTS/s_axis_cmd_tdata_reg[59]/Q
                         net (fo=1, routed)           0.055     1.106    design_1_i/axi_vdma_1/U0/I_PRMRY_DATAMOVER/GEN_S2MM_FULL.I_S2MM_FULL_WRAPPER/I_CMD_STATUS/I_CMD_FIFO/USE_SRL_FIFO.I_SYNC_FIFO/I_SRL_FIFO_RBU_F/DYNSHREG_F_I/in[44]
    SLICE_X62Y22         SRL16E                                       r  design_1_i/axi_vdma_1/U0/I_PRMRY_DATAMOVER/GEN_S2MM_FULL.I_S2MM_FULL_WRAPPER/I_CMD_STATUS/I_CMD_FIFO/USE_SRL_FIFO.I_SYNC_FIFO/I_SRL_FIFO_RBU_F/DYNSHREG_F_I/INFERRED_GEN.data_reg[3][8]_srl4/D
  -------------------------------------------------------------------    -------------------

                         (clock clk_fpga_0 rise edge)
                                                      0.000     0.000 r  
    PS7_X0Y0             PS7                          0.000     0.000 r  design_1_i/processing_system7_0/inst/PS7_i/FCLKCLK[0]
                         net (fo=1, routed)           0.337     0.337    design_1_i/processing_system7_0/inst/FCLK_CLK_unbuffered[0]
    BUFGCTRL_X0Y16       BUFG (Prop_bufg_I_O)         0.029     0.366 r  design_1_i/processing_system7_0/inst/buffer_fclk_clk_0.FCLK_CLK_0_BUFG/O
                         net (fo=15140, routed)       0.840     1.206    design_1_i/axi_vdma_1/U0/I_PRMRY_DATAMOVER/GEN_S2MM_FULL.I_S2MM_FULL_WRAPPER/I_CMD_STATUS/I_CMD_FIFO/USE_SRL_FIFO.I_SYNC_FIFO/I_SRL_FIFO_RBU_F/DYNSHREG_F_I/m_axi_s2mm_aclk
    SLICE_X62Y22         SRL16E                                       r  design_1_i/axi_vdma_1/U0/I_PRMRY_DATAMOVER/GEN_S2MM_FULL.I_S2MM_FULL_WRAPPER/I_CMD_STATUS/I_CMD_FIFO/USE_SRL_FIFO.I_SYNC_FIFO/I_SRL_FIFO_RBU_F/DYNSHREG_F_I/INFERRED_GEN.data_reg[3][8]_srl4/CLK
                         clock pessimism             -0.282     0.924    
    SLICE_X62Y22         SRL16E (Hold_srl16e_CLK_D)
                                                      0.117     1.041    design_1_i/axi_vdma_1/U0/I_PRMRY_DATAMOVER/GEN_S2MM_FULL.I_S2MM_FULL_WRAPPER/I_CMD_STATUS/I_CMD_FIFO/USE_SRL_FIFO.I_SYNC_FIFO/I_SRL_FIFO_RBU_F/DYNSHREG_F_I/INFERRED_GEN.data_reg[3][8]_srl4
  -------------------------------------------------------------------
                         required time                         -1.041    
                         arrival time                           1.106    
  -------------------------------------------------------------------
                         slack                                  0.066    

Slack (MET) :             0.068ns  (arrival time - required time)
  Source:                 design_1_i/axi_vdma_3/U0/GEN_SPRT_FOR_MM2S.ADDR32.I_MM2S_DMA_MNGR/I_SM/GEN_NORMAL_DM_COMMAND.cmnd_data_reg[45]/C
                            (rising edge-triggered cell FDRE clocked by clk_fpga_0  {rise@0.000ns fall@10.000ns period=20.000ns})
  Destination:            design_1_i/axi_vdma_3/U0/GEN_SPRT_FOR_MM2S.ADDR32.I_MM2S_DMA_MNGR/I_CMDSTS/s_axis_cmd_tdata_reg[45]/D
                            (rising edge-triggered cell FDRE clocked by clk_fpga_0  {rise@0.000ns fall@10.000ns period=20.000ns})
  Path Group:             clk_fpga_0
  Path Type:              Hold (Min at Fast Process Corner)
  Requirement:            0.000ns  (clk_fpga_0 rise@0.000ns - clk_fpga_0 rise@0.000ns)
  Data Path Delay:        0.425ns  (logic 0.246ns (57.824%)  route 0.179ns (42.176%))
  Logic Levels:           1  (LUT2=1)
  Clock Path Skew:        0.265ns (DCD - SCD - CPR)
    Destination Clock Delay (DCD):    1.184ns
    Source Clock Delay      (SCD):    0.884ns
    Clock Pessimism Removal (CPR):    0.035ns

    Location             Delay type                Incr(ns)  Path(ns)    Netlist Resource(s)
  -------------------------------------------------------------------    -------------------
                         (clock clk_fpga_0 rise edge)
                                                      0.000     0.000 r  
    PS7_X0Y0             PS7                          0.000     0.000 r  design_1_i/processing_system7_0/inst/PS7_i/FCLKCLK[0]
                         net (fo=1, routed)           0.310     0.310    design_1_i/processing_system7_0/inst/FCLK_CLK_unbuffered[0]
    BUFGCTRL_X0Y16       BUFG (Prop_bufg_I_O)         0.026     0.336 r  design_1_i/processing_system7_0/inst/buffer_fclk_clk_0.FCLK_CLK_0_BUFG/O
                         net (fo=15140, routed)       0.548     0.884    design_1_i/axi_vdma_3/U0/GEN_SPRT_FOR_MM2S.ADDR32.I_MM2S_DMA_MNGR/I_SM/m_axi_mm2s_aclk
    SLICE_X50Y28         FDRE                                         r  design_1_i/axi_vdma_3/U0/GEN_SPRT_FOR_MM2S.ADDR32.I_MM2S_DMA_MNGR/I_SM/GEN_NORMAL_DM_COMMAND.cmnd_data_reg[45]/C
  -------------------------------------------------------------------    -------------------
    SLICE_X50Y28         FDRE (Prop_fdre_C_Q)         0.148     1.032 r  design_1_i/axi_vdma_3/U0/GEN_SPRT_FOR_MM2S.ADDR32.I_MM2S_DMA_MNGR/I_SM/GEN_NORMAL_DM_COMMAND.cmnd_data_reg[45]/Q
                         net (fo=1, routed)           0.179     1.211    design_1_i/axi_vdma_3/U0/GEN_SPRT_FOR_MM2S.ADDR32.I_MM2S_DMA_MNGR/I_SM/GEN_NORMAL_DM_COMMAND.cmnd_data_reg_n_0_[45]
    SLICE_X49Y29         LUT2 (Prop_lut2_I1_O)        0.098     1.309 r  design_1_i/axi_vdma_3/U0/GEN_SPRT_FOR_MM2S.ADDR32.I_MM2S_DMA_MNGR/I_SM/s_axis_cmd_tdata[45]_i_1/O
                         net (fo=1, routed)           0.000     1.309    design_1_i/axi_vdma_3/U0/GEN_SPRT_FOR_MM2S.ADDR32.I_MM2S_DMA_MNGR/I_CMDSTS/D[30]
    SLICE_X49Y29         FDRE                                         r  design_1_i/axi_vdma_3/U0/GEN_SPRT_FOR_MM2S.ADDR32.I_MM2S_DMA_MNGR/I_CMDSTS/s_axis_cmd_tdata_reg[45]/D
  -------------------------------------------------------------------    -------------------

                         (clock clk_fpga_0 rise edge)
                                                      0.000     0.000 r  
    PS7_X0Y0             PS7                          0.000     0.000 r  design_1_i/processing_system7_0/inst/PS7_i/FCLKCLK[0]
                         net (fo=1, routed)           0.337     0.337    design_1_i/processing_system7_0/inst/FCLK_CLK_unbuffered[0]
    BUFGCTRL_X0Y16       BUFG (Prop_bufg_I_O)         0.029     0.366 r  design_1_i/processing_system7_0/inst/buffer_fclk_clk_0.FCLK_CLK_0_BUFG/O
                         net (fo=15140, routed)       0.818     1.184    design_1_i/axi_vdma_3/U0/GEN_SPRT_FOR_MM2S.ADDR32.I_MM2S_DMA_MNGR/I_CMDSTS/m_axi_mm2s_aclk
    SLICE_X49Y29         FDRE                                         r  design_1_i/axi_vdma_3/U0/GEN_SPRT_FOR_MM2S.ADDR32.I_MM2S_DMA_MNGR/I_CMDSTS/s_axis_cmd_tdata_reg[45]/C
                         clock pessimism             -0.035     1.149    
    SLICE_X49Y29         FDRE (Hold_fdre_C_D)         0.092     1.241    design_1_i/axi_vdma_3/U0/GEN_SPRT_FOR_MM2S.ADDR32.I_MM2S_DMA_MNGR/I_CMDSTS/s_axis_cmd_tdata_reg[45]
  -------------------------------------------------------------------
                         required time                         -1.241    
                         arrival time                           1.309    
  -------------------------------------------------------------------
                         slack                                  0.068    

Slack (MET) :             0.070ns  (arrival time - required time)
  Source:                 design_1_i/rgb_filte_ip_0/U0/u_rgb_filte_ip_axi4_stream_video_master_inst/u_rgb_filte_ip_fifo_sof_out_inst/fifo_back_indx_reg[1]/C
                            (rising edge-triggered cell FDRE clocked by clk_fpga_0  {rise@0.000ns fall@10.000ns period=20.000ns})
  Destination:            design_1_i/rgb_filte_ip_0/U0/u_rgb_filte_ip_axi4_stream_video_master_inst/u_rgb_filte_ip_fifo_sof_out_inst/u_rgb_filte_ip_fifo_sof_out_classic_ram_singlebit/ram_reg_0_3_0_0/DP/WADR1
                            (rising edge-triggered cell RAMD32 clocked by clk_fpga_0  {rise@0.000ns fall@10.000ns period=20.000ns})
  Path Group:             clk_fpga_0
  Path Type:              Hold (Min at Fast Process Corner)
  Requirement:            0.000ns  (clk_fpga_0 rise@0.000ns - clk_fpga_0 rise@0.000ns)
  Data Path Delay:        0.392ns  (logic 0.141ns (35.927%)  route 0.251ns (64.073%))
  Logic Levels:           0  
  Clock Path Skew:        0.013ns (DCD - SCD - CPR)
    Destination Clock Delay (DCD):    1.214ns
    Source Clock Delay      (SCD):    0.916ns
    Clock Pessimism Removal (CPR):    0.285ns

    Location             Delay type                Incr(ns)  Path(ns)    Netlist Resource(s)
  -------------------------------------------------------------------    -------------------
                         (clock clk_fpga_0 rise edge)
                                                      0.000     0.000 r  
    PS7_X0Y0             PS7                          0.000     0.000 r  design_1_i/processing_system7_0/inst/PS7_i/FCLKCLK[0]
                         net (fo=1, routed)           0.310     0.310    design_1_i/processing_system7_0/inst/FCLK_CLK_unbuffered[0]
    BUFGCTRL_X0Y16       BUFG (Prop_bufg_I_O)         0.026     0.336 r  design_1_i/processing_system7_0/inst/buffer_fclk_clk_0.FCLK_CLK_0_BUFG/O
                         net (fo=15140, routed)       0.580     0.916    design_1_i/rgb_filte_ip_0/U0/u_rgb_filte_ip_axi4_stream_video_master_inst/u_rgb_filte_ip_fifo_sof_out_inst/IPCORE_CLK
    SLICE_X55Y39         FDRE                                         r  design_1_i/rgb_filte_ip_0/U0/u_rgb_filte_ip_axi4_stream_video_master_inst/u_rgb_filte_ip_fifo_sof_out_inst/fifo_back_indx_reg[1]/C
  -------------------------------------------------------------------    -------------------
    SLICE_X55Y39         FDRE (Prop_fdre_C_Q)         0.141     1.057 r  design_1_i/rgb_filte_ip_0/U0/u_rgb_filte_ip_axi4_stream_video_master_inst/u_rgb_filte_ip_fifo_sof_out_inst/fifo_back_indx_reg[1]/Q
                         net (fo=4, routed)           0.251     1.308    design_1_i/rgb_filte_ip_0/U0/u_rgb_filte_ip_axi4_stream_video_master_inst/u_rgb_filte_ip_fifo_sof_out_inst/u_rgb_filte_ip_fifo_sof_out_classic_ram_singlebit/ram_reg_0_3_0_0/A1
    SLICE_X54Y39         RAMD32                                       r  design_1_i/rgb_filte_ip_0/U0/u_rgb_filte_ip_axi4_stream_video_master_inst/u_rgb_filte_ip_fifo_sof_out_inst/u_rgb_filte_ip_fifo_sof_out_classic_ram_singlebit/ram_reg_0_3_0_0/DP/WADR1
  -------------------------------------------------------------------    -------------------

                         (clock clk_fpga_0 rise edge)
                                                      0.000     0.000 r  
    PS7_X0Y0             PS7                          0.000     0.000 r  design_1_i/processing_system7_0/inst/PS7_i/FCLKCLK[0]
                         net (fo=1, routed)           0.337     0.337    design_1_i/processing_system7_0/inst/FCLK_CLK_unbuffered[0]
    BUFGCTRL_X0Y16       BUFG (Prop_bufg_I_O)         0.029     0.366 r  design_1_i/processing_system7_0/inst/buffer_fclk_clk_0.FCLK_CLK_0_BUFG/O
                         net (fo=15140, routed)       0.848     1.214    design_1_i/rgb_filte_ip_0/U0/u_rgb_filte_ip_axi4_stream_video_master_inst/u_rgb_filte_ip_fifo_sof_out_inst/u_rgb_filte_ip_fifo_sof_out_classic_ram_singlebit/ram_reg_0_3_0_0/WCLK
    SLICE_X54Y39         RAMD32                                       r  design_1_i/rgb_filte_ip_0/U0/u_rgb_filte_ip_axi4_stream_video_master_inst/u_rgb_filte_ip_fifo_sof_out_inst/u_rgb_filte_ip_fifo_sof_out_classic_ram_singlebit/ram_reg_0_3_0_0/DP/CLK
                         clock pessimism             -0.285     0.929    
    SLICE_X54Y39         RAMD32 (Hold_ramd32_CLK_WADR1)
                                                      0.309     1.238    design_1_i/rgb_filte_ip_0/U0/u_rgb_filte_ip_axi4_stream_video_master_inst/u_rgb_filte_ip_fifo_sof_out_inst/u_rgb_filte_ip_fifo_sof_out_classic_ram_singlebit/ram_reg_0_3_0_0/DP
  -------------------------------------------------------------------
                         required time                         -1.238    
                         arrival time                           1.308    
  -------------------------------------------------------------------
                         slack                                  0.070    

Slack (MET) :             0.070ns  (arrival time - required time)
  Source:                 design_1_i/rgb_filte_ip_0/U0/u_rgb_filte_ip_axi4_stream_video_master_inst/u_rgb_filte_ip_fifo_sof_out_inst/fifo_back_indx_reg[1]/C
                            (rising edge-triggered cell FDRE clocked by clk_fpga_0  {rise@0.000ns fall@10.000ns period=20.000ns})
  Destination:            design_1_i/rgb_filte_ip_0/U0/u_rgb_filte_ip_axi4_stream_video_master_inst/u_rgb_filte_ip_fifo_sof_out_inst/u_rgb_filte_ip_fifo_sof_out_classic_ram_singlebit/ram_reg_0_3_0_0/SP/WADR1
                            (rising edge-triggered cell RAMD32 clocked by clk_fpga_0  {rise@0.000ns fall@10.000ns period=20.000ns})
  Path Group:             clk_fpga_0
  Path Type:              Hold (Min at Fast Process Corner)
  Requirement:            0.000ns  (clk_fpga_0 rise@0.000ns - clk_fpga_0 rise@0.000ns)
  Data Path Delay:        0.392ns  (logic 0.141ns (35.927%)  route 0.251ns (64.073%))
  Logic Levels:           0  
  Clock Path Skew:        0.013ns (DCD - SCD - CPR)
    Destination Clock Delay (DCD):    1.214ns
    Source Clock Delay      (SCD):    0.916ns
    Clock Pessimism Removal (CPR):    0.285ns

    Location             Delay type                Incr(ns)  Path(ns)    Netlist Resource(s)
  -------------------------------------------------------------------    -------------------
                         (clock clk_fpga_0 rise edge)
                                                      0.000     0.000 r  
    PS7_X0Y0             PS7                          0.000     0.000 r  design_1_i/processing_system7_0/inst/PS7_i/FCLKCLK[0]
                         net (fo=1, routed)           0.310     0.310    design_1_i/processing_system7_0/inst/FCLK_CLK_unbuffered[0]
    BUFGCTRL_X0Y16       BUFG (Prop_bufg_I_O)         0.026     0.336 r  design_1_i/processing_system7_0/inst/buffer_fclk_clk_0.FCLK_CLK_0_BUFG/O
                         net (fo=15140, routed)       0.580     0.916    design_1_i/rgb_filte_ip_0/U0/u_rgb_filte_ip_axi4_stream_video_master_inst/u_rgb_filte_ip_fifo_sof_out_inst/IPCORE_CLK
    SLICE_X55Y39         FDRE                                         r  design_1_i/rgb_filte_ip_0/U0/u_rgb_filte_ip_axi4_stream_video_master_inst/u_rgb_filte_ip_fifo_sof_out_inst/fifo_back_indx_reg[1]/C
  -------------------------------------------------------------------    -------------------
    SLICE_X55Y39         FDRE (Prop_fdre_C_Q)         0.141     1.057 r  design_1_i/rgb_filte_ip_0/U0/u_rgb_filte_ip_axi4_stream_video_master_inst/u_rgb_filte_ip_fifo_sof_out_inst/fifo_back_indx_reg[1]/Q
                         net (fo=4, routed)           0.251     1.308    design_1_i/rgb_filte_ip_0/U0/u_rgb_filte_ip_axi4_stream_video_master_inst/u_rgb_filte_ip_fifo_sof_out_inst/u_rgb_filte_ip_fifo_sof_out_classic_ram_singlebit/ram_reg_0_3_0_0/A1
    SLICE_X54Y39         RAMD32                                       r  design_1_i/rgb_filte_ip_0/U0/u_rgb_filte_ip_axi4_stream_video_master_inst/u_rgb_filte_ip_fifo_sof_out_inst/u_rgb_filte_ip_fifo_sof_out_classic_ram_singlebit/ram_reg_0_3_0_0/SP/WADR1
  -------------------------------------------------------------------    -------------------

                         (clock clk_fpga_0 rise edge)
                                                      0.000     0.000 r  
    PS7_X0Y0             PS7                          0.000     0.000 r  design_1_i/processing_system7_0/inst/PS7_i/FCLKCLK[0]
                         net (fo=1, routed)           0.337     0.337    design_1_i/processing_system7_0/inst/FCLK_CLK_unbuffered[0]
    BUFGCTRL_X0Y16       BUFG (Prop_bufg_I_O)         0.029     0.366 r  design_1_i/processing_system7_0/inst/buffer_fclk_clk_0.FCLK_CLK_0_BUFG/O
                         net (fo=15140, routed)       0.848     1.214    design_1_i/rgb_filte_ip_0/U0/u_rgb_filte_ip_axi4_stream_video_master_inst/u_rgb_filte_ip_fifo_sof_out_inst/u_rgb_filte_ip_fifo_sof_out_classic_ram_singlebit/ram_reg_0_3_0_0/WCLK
    SLICE_X54Y39         RAMD32                                       r  design_1_i/rgb_filte_ip_0/U0/u_rgb_filte_ip_axi4_stream_video_master_inst/u_rgb_filte_ip_fifo_sof_out_inst/u_rgb_filte_ip_fifo_sof_out_classic_ram_singlebit/ram_reg_0_3_0_0/SP/CLK
                         clock pessimism             -0.285     0.929    
    SLICE_X54Y39         RAMD32 (Hold_ramd32_CLK_WADR1)
                                                      0.309     1.238    design_1_i/rgb_filte_ip_0/U0/u_rgb_filte_ip_axi4_stream_video_master_inst/u_rgb_filte_ip_fifo_sof_out_inst/u_rgb_filte_ip_fifo_sof_out_classic_ram_singlebit/ram_reg_0_3_0_0/SP
  -------------------------------------------------------------------
                         required time                         -1.238    
                         arrival time                           1.308    
  -------------------------------------------------------------------
                         slack                                  0.070    

Slack (MET) :             0.074ns  (arrival time - required time)
  Source:                 design_1_i/axi_vdma_2/U0/I_PRMRY_DATAMOVER/GEN_S2MM_FULL.I_S2MM_FULL_WRAPPER/GEN_INCLUDE_IBTTCC.I_S2MM_MSTR_IBTTCC/sig_child_addr_reg_reg[21]/C
                            (rising edge-triggered cell FDRE clocked by clk_fpga_0  {rise@0.000ns fall@10.000ns period=20.000ns})
  Destination:            design_1_i/axi_vdma_2/U0/I_PRMRY_DATAMOVER/GEN_S2MM_FULL.I_S2MM_FULL_WRAPPER/GEN_INCLUDE_IBTTCC.I_S2MM_MSTR_IBTTCC/sig_child_addr_cntr_msh_reg[5]/D
                            (rising edge-triggered cell FDRE clocked by clk_fpga_0  {rise@0.000ns fall@10.000ns period=20.000ns})
  Path Group:             clk_fpga_0
  Path Type:              Hold (Min at Fast Process Corner)
  Requirement:            0.000ns  (clk_fpga_0 rise@0.000ns - clk_fpga_0 rise@0.000ns)
  Data Path Delay:        0.441ns  (logic 0.251ns (56.953%)  route 0.190ns (43.047%))
  Logic Levels:           2  (CARRY4=1 LUT3=1)
  Clock Path Skew:        0.261ns (DCD - SCD - CPR)
    Destination Clock Delay (DCD):    1.174ns
    Source Clock Delay      (SCD):    0.878ns
    Clock Pessimism Removal (CPR):    0.035ns

    Location             Delay type                Incr(ns)  Path(ns)    Netlist Resource(s)
  -------------------------------------------------------------------    -------------------
                         (clock clk_fpga_0 rise edge)
                                                      0.000     0.000 r  
    PS7_X0Y0             PS7                          0.000     0.000 r  design_1_i/processing_system7_0/inst/PS7_i/FCLKCLK[0]
                         net (fo=1, routed)           0.310     0.310    design_1_i/processing_system7_0/inst/FCLK_CLK_unbuffered[0]
    BUFGCTRL_X0Y16       BUFG (Prop_bufg_I_O)         0.026     0.336 r  design_1_i/processing_system7_0/inst/buffer_fclk_clk_0.FCLK_CLK_0_BUFG/O
                         net (fo=15140, routed)       0.542     0.878    design_1_i/axi_vdma_2/U0/I_PRMRY_DATAMOVER/GEN_S2MM_FULL.I_S2MM_FULL_WRAPPER/GEN_INCLUDE_IBTTCC.I_S2MM_MSTR_IBTTCC/m_axi_s2mm_aclk
    SLICE_X51Y72         FDRE                                         r  design_1_i/axi_vdma_2/U0/I_PRMRY_DATAMOVER/GEN_S2MM_FULL.I_S2MM_FULL_WRAPPER/GEN_INCLUDE_IBTTCC.I_S2MM_MSTR_IBTTCC/sig_child_addr_reg_reg[21]/C
  -------------------------------------------------------------------    -------------------
    SLICE_X51Y72         FDRE (Prop_fdre_C_Q)         0.141     1.019 r  design_1_i/axi_vdma_2/U0/I_PRMRY_DATAMOVER/GEN_S2MM_FULL.I_S2MM_FULL_WRAPPER/GEN_INCLUDE_IBTTCC.I_S2MM_MSTR_IBTTCC/sig_child_addr_reg_reg[21]/Q
                         net (fo=1, routed)           0.190     1.208    design_1_i/axi_vdma_2/U0/I_PRMRY_DATAMOVER/GEN_S2MM_FULL.I_S2MM_FULL_WRAPPER/GEN_INCLUDE_IBTTCC.I_S2MM_MSTR_IBTTCC/data[5]
    SLICE_X48Y74         LUT3 (Prop_lut3_I0_O)        0.045     1.253 r  design_1_i/axi_vdma_2/U0/I_PRMRY_DATAMOVER/GEN_S2MM_FULL.I_S2MM_FULL_WRAPPER/GEN_INCLUDE_IBTTCC.I_S2MM_MSTR_IBTTCC/sig_child_addr_cntr_msh[4]_i_4/O
                         net (fo=1, routed)           0.000     1.253    design_1_i/axi_vdma_2/U0/I_PRMRY_DATAMOVER/GEN_S2MM_FULL.I_S2MM_FULL_WRAPPER/GEN_INCLUDE_IBTTCC.I_S2MM_MSTR_IBTTCC/sig_child_addr_cntr_msh[4]_i_4_n_0
    SLICE_X48Y74         CARRY4 (Prop_carry4_S[1]_O[1])
                                                      0.065     1.318 r  design_1_i/axi_vdma_2/U0/I_PRMRY_DATAMOVER/GEN_S2MM_FULL.I_S2MM_FULL_WRAPPER/GEN_INCLUDE_IBTTCC.I_S2MM_MSTR_IBTTCC/sig_child_addr_cntr_msh_reg[4]_i_1/O[1]
                         net (fo=1, routed)           0.000     1.318    design_1_i/axi_vdma_2/U0/I_PRMRY_DATAMOVER/GEN_S2MM_FULL.I_S2MM_FULL_WRAPPER/GEN_INCLUDE_IBTTCC.I_S2MM_MSTR_IBTTCC/sig_child_addr_cntr_msh_reg[4]_i_1_n_6
    SLICE_X48Y74         FDRE                                         r  design_1_i/axi_vdma_2/U0/I_PRMRY_DATAMOVER/GEN_S2MM_FULL.I_S2MM_FULL_WRAPPER/GEN_INCLUDE_IBTTCC.I_S2MM_MSTR_IBTTCC/sig_child_addr_cntr_msh_reg[5]/D
  -------------------------------------------------------------------    -------------------

                         (clock clk_fpga_0 rise edge)
                                                      0.000     0.000 r  
    PS7_X0Y0             PS7                          0.000     0.000 r  design_1_i/processing_system7_0/inst/PS7_i/FCLKCLK[0]
                         net (fo=1, routed)           0.337     0.337    design_1_i/processing_system7_0/inst/FCLK_CLK_unbuffered[0]
    BUFGCTRL_X0Y16       BUFG (Prop_bufg_I_O)         0.029     0.366 r  design_1_i/processing_system7_0/inst/buffer_fclk_clk_0.FCLK_CLK_0_BUFG/O
                         net (fo=15140, routed)       0.808     1.174    design_1_i/axi_vdma_2/U0/I_PRMRY_DATAMOVER/GEN_S2MM_FULL.I_S2MM_FULL_WRAPPER/GEN_INCLUDE_IBTTCC.I_S2MM_MSTR_IBTTCC/m_axi_s2mm_aclk
    SLICE_X48Y74         FDRE                                         r  design_1_i/axi_vdma_2/U0/I_PRMRY_DATAMOVER/GEN_S2MM_FULL.I_S2MM_FULL_WRAPPER/GEN_INCLUDE_IBTTCC.I_S2MM_MSTR_IBTTCC/sig_child_addr_cntr_msh_reg[5]/C
                         clock pessimism             -0.035     1.139    
    SLICE_X48Y74         FDRE (Hold_fdre_C_D)         0.105     1.244    design_1_i/axi_vdma_2/U0/I_PRMRY_DATAMOVER/GEN_S2MM_FULL.I_S2MM_FULL_WRAPPER/GEN_INCLUDE_IBTTCC.I_S2MM_MSTR_IBTTCC/sig_child_addr_cntr_msh_reg[5]
  -------------------------------------------------------------------
                         required time                         -1.244    
                         arrival time                           1.318    
  -------------------------------------------------------------------
                         slack                                  0.074    

Slack (MET) :             0.075ns  (arrival time - required time)
  Source:                 design_1_i/smartconnect_0/inst/switchboards/ar_switchboard/inst/gen_mi[0].inst_opipe_payld/gen_pipe[1].pipe_reg[1][128]/C
                            (rising edge-triggered cell FDRE clocked by clk_fpga_0  {rise@0.000ns fall@10.000ns period=20.000ns})
  Destination:            design_1_i/smartconnect_0/inst/m00_nodes/m00_ar_node/inst/inst_mi_handler/gen_normal_area.inst_fifo_node_payld/gen_xpm_memory_fifo.inst_fifo/gen_mem_rep[0].inst_xpm_memory/xpm_memory_base_inst/gen_wr_a.gen_word_narrow.mem_reg_0_31_126_131/RAMB/I
                            (rising edge-triggered cell RAMD32 clocked by clk_fpga_0  {rise@0.000ns fall@10.000ns period=20.000ns})
  Path Group:             clk_fpga_0
  Path Type:              Hold (Min at Fast Process Corner)
  Requirement:            0.000ns  (clk_fpga_0 rise@0.000ns - clk_fpga_0 rise@0.000ns)
  Data Path Delay:        0.257ns  (logic 0.141ns (54.853%)  route 0.116ns (45.147%))
  Logic Levels:           0  
  Clock Path Skew:        0.036ns (DCD - SCD - CPR)
    Destination Clock Delay (DCD):    1.223ns
    Source Clock Delay      (SCD):    0.924ns
    Clock Pessimism Removal (CPR):    0.263ns

    Location             Delay type                Incr(ns)  Path(ns)    Netlist Resource(s)
  -------------------------------------------------------------------    -------------------
                         (clock clk_fpga_0 rise edge)
                                                      0.000     0.000 r  
    PS7_X0Y0             PS7                          0.000     0.000 r  design_1_i/processing_system7_0/inst/PS7_i/FCLKCLK[0]
                         net (fo=1, routed)           0.310     0.310    design_1_i/processing_system7_0/inst/FCLK_CLK_unbuffered[0]
    BUFGCTRL_X0Y16       BUFG (Prop_bufg_I_O)         0.026     0.336 r  design_1_i/processing_system7_0/inst/buffer_fclk_clk_0.FCLK_CLK_0_BUFG/O
                         net (fo=15140, routed)       0.588     0.924    design_1_i/smartconnect_0/inst/switchboards/ar_switchboard/inst/gen_mi[0].inst_opipe_payld/aclk
    SLICE_X29Y38         FDRE                                         r  design_1_i/smartconnect_0/inst/switchboards/ar_switchboard/inst/gen_mi[0].inst_opipe_payld/gen_pipe[1].pipe_reg[1][128]/C
  -------------------------------------------------------------------    -------------------
    SLICE_X29Y38         FDRE (Prop_fdre_C_Q)         0.141     1.065 r  design_1_i/smartconnect_0/inst/switchboards/ar_switchboard/inst/gen_mi[0].inst_opipe_payld/gen_pipe[1].pipe_reg[1][128]/Q
                         net (fo=1, routed)           0.116     1.181    design_1_i/smartconnect_0/inst/m00_nodes/m00_ar_node/inst/inst_mi_handler/gen_normal_area.inst_fifo_node_payld/gen_xpm_memory_fifo.inst_fifo/gen_mem_rep[0].inst_xpm_memory/xpm_memory_base_inst/gen_wr_a.gen_word_narrow.mem_reg_0_31_126_131/DIB0
    SLICE_X26Y38         RAMD32                                       r  design_1_i/smartconnect_0/inst/m00_nodes/m00_ar_node/inst/inst_mi_handler/gen_normal_area.inst_fifo_node_payld/gen_xpm_memory_fifo.inst_fifo/gen_mem_rep[0].inst_xpm_memory/xpm_memory_base_inst/gen_wr_a.gen_word_narrow.mem_reg_0_31_126_131/RAMB/I
  -------------------------------------------------------------------    -------------------

                         (clock clk_fpga_0 rise edge)
                                                      0.000     0.000 r  
    PS7_X0Y0             PS7                          0.000     0.000 r  design_1_i/processing_system7_0/inst/PS7_i/FCLKCLK[0]
                         net (fo=1, routed)           0.337     0.337    design_1_i/processing_system7_0/inst/FCLK_CLK_unbuffered[0]
    BUFGCTRL_X0Y16       BUFG (Prop_bufg_I_O)         0.029     0.366 r  design_1_i/processing_system7_0/inst/buffer_fclk_clk_0.FCLK_CLK_0_BUFG/O
                         net (fo=15140, routed)       0.857     1.223    design_1_i/smartconnect_0/inst/m00_nodes/m00_ar_node/inst/inst_mi_handler/gen_normal_area.inst_fifo_node_payld/gen_xpm_memory_fifo.inst_fifo/gen_mem_rep[0].inst_xpm_memory/xpm_memory_base_inst/gen_wr_a.gen_word_narrow.mem_reg_0_31_126_131/WCLK
    SLICE_X26Y38         RAMD32                                       r  design_1_i/smartconnect_0/inst/m00_nodes/m00_ar_node/inst/inst_mi_handler/gen_normal_area.inst_fifo_node_payld/gen_xpm_memory_fifo.inst_fifo/gen_mem_rep[0].inst_xpm_memory/xpm_memory_base_inst/gen_wr_a.gen_word_narrow.mem_reg_0_31_126_131/RAMB/CLK
                         clock pessimism             -0.263     0.960    
    SLICE_X26Y38         RAMD32 (Hold_ramd32_CLK_I)
                                                      0.146     1.106    design_1_i/smartconnect_0/inst/m00_nodes/m00_ar_node/inst/inst_mi_handler/gen_normal_area.inst_fifo_node_payld/gen_xpm_memory_fifo.inst_fifo/gen_mem_rep[0].inst_xpm_memory/xpm_memory_base_inst/gen_wr_a.gen_word_narrow.mem_reg_0_31_126_131/RAMB
  -------------------------------------------------------------------
                         required time                         -1.105    
                         arrival time                           1.181    
  -------------------------------------------------------------------
                         slack                                  0.075    

Slack (MET) :             0.075ns  (arrival time - required time)
  Source:                 design_1_i/rgb_filte_ip_0/U0/u_rgb_filte_ip_axi4_stream_video_slave_inst/u_rgb_filte_ip_fifo_sof_inst/fifo_back_indx_reg[1]/C
                            (rising edge-triggered cell FDRE clocked by clk_fpga_0  {rise@0.000ns fall@10.000ns period=20.000ns})
  Destination:            design_1_i/rgb_filte_ip_0/U0/u_rgb_filte_ip_axi4_stream_video_slave_inst/u_rgb_filte_ip_fifo_sof_inst/u_rgb_filte_ip_fifo_sof_classic_ram/ram_reg_0_3_0_0/DP/WADR1
                            (rising edge-triggered cell RAMD32 clocked by clk_fpga_0  {rise@0.000ns fall@10.000ns period=20.000ns})
  Path Group:             clk_fpga_0
  Path Type:              Hold (Min at Fast Process Corner)
  Requirement:            0.000ns  (clk_fpga_0 rise@0.000ns - clk_fpga_0 rise@0.000ns)
  Data Path Delay:        0.397ns  (logic 0.141ns (35.473%)  route 0.256ns (64.527%))
  Logic Levels:           0  
  Clock Path Skew:        0.013ns (DCD - SCD - CPR)
    Destination Clock Delay (DCD):    1.176ns
    Source Clock Delay      (SCD):    0.882ns
    Clock Pessimism Removal (CPR):    0.281ns

    Location             Delay type                Incr(ns)  Path(ns)    Netlist Resource(s)
  -------------------------------------------------------------------    -------------------
                         (clock clk_fpga_0 rise edge)
                                                      0.000     0.000 r  
    PS7_X0Y0             PS7                          0.000     0.000 r  design_1_i/processing_system7_0/inst/PS7_i/FCLKCLK[0]
                         net (fo=1, routed)           0.310     0.310    design_1_i/processing_system7_0/inst/FCLK_CLK_unbuffered[0]
    BUFGCTRL_X0Y16       BUFG (Prop_bufg_I_O)         0.026     0.336 r  design_1_i/processing_system7_0/inst/buffer_fclk_clk_0.FCLK_CLK_0_BUFG/O
                         net (fo=15140, routed)       0.546     0.882    design_1_i/rgb_filte_ip_0/U0/u_rgb_filte_ip_axi4_stream_video_slave_inst/u_rgb_filte_ip_fifo_sof_inst/IPCORE_CLK
    SLICE_X51Y23         FDRE                                         r  design_1_i/rgb_filte_ip_0/U0/u_rgb_filte_ip_axi4_stream_video_slave_inst/u_rgb_filte_ip_fifo_sof_inst/fifo_back_indx_reg[1]/C
  -------------------------------------------------------------------    -------------------
    SLICE_X51Y23         FDRE (Prop_fdre_C_Q)         0.141     1.023 r  design_1_i/rgb_filte_ip_0/U0/u_rgb_filte_ip_axi4_stream_video_slave_inst/u_rgb_filte_ip_fifo_sof_inst/fifo_back_indx_reg[1]/Q
                         net (fo=4, routed)           0.256     1.279    design_1_i/rgb_filte_ip_0/U0/u_rgb_filte_ip_axi4_stream_video_slave_inst/u_rgb_filte_ip_fifo_sof_inst/u_rgb_filte_ip_fifo_sof_classic_ram/ram_reg_0_3_0_0/A1
    SLICE_X50Y23         RAMD32                                       r  design_1_i/rgb_filte_ip_0/U0/u_rgb_filte_ip_axi4_stream_video_slave_inst/u_rgb_filte_ip_fifo_sof_inst/u_rgb_filte_ip_fifo_sof_classic_ram/ram_reg_0_3_0_0/DP/WADR1
  -------------------------------------------------------------------    -------------------

                         (clock clk_fpga_0 rise edge)
                                                      0.000     0.000 r  
    PS7_X0Y0             PS7                          0.000     0.000 r  design_1_i/processing_system7_0/inst/PS7_i/FCLKCLK[0]
                         net (fo=1, routed)           0.337     0.337    design_1_i/processing_system7_0/inst/FCLK_CLK_unbuffered[0]
    BUFGCTRL_X0Y16       BUFG (Prop_bufg_I_O)         0.029     0.366 r  design_1_i/processing_system7_0/inst/buffer_fclk_clk_0.FCLK_CLK_0_BUFG/O
                         net (fo=15140, routed)       0.810     1.176    design_1_i/rgb_filte_ip_0/U0/u_rgb_filte_ip_axi4_stream_video_slave_inst/u_rgb_filte_ip_fifo_sof_inst/u_rgb_filte_ip_fifo_sof_classic_ram/ram_reg_0_3_0_0/WCLK
    SLICE_X50Y23         RAMD32                                       r  design_1_i/rgb_filte_ip_0/U0/u_rgb_filte_ip_axi4_stream_video_slave_inst/u_rgb_filte_ip_fifo_sof_inst/u_rgb_filte_ip_fifo_sof_classic_ram/ram_reg_0_3_0_0/DP/CLK
                         clock pessimism             -0.281     0.895    
    SLICE_X50Y23         RAMD32 (Hold_ramd32_CLK_WADR1)
                                                      0.309     1.204    design_1_i/rgb_filte_ip_0/U0/u_rgb_filte_ip_axi4_stream_video_slave_inst/u_rgb_filte_ip_fifo_sof_inst/u_rgb_filte_ip_fifo_sof_classic_ram/ram_reg_0_3_0_0/DP
  -------------------------------------------------------------------
                         required time                         -1.203    
                         arrival time                           1.279    
  -------------------------------------------------------------------
                         slack                                  0.075    





Pulse Width Checks
--------------------------------------------------------------------------------------
Clock Name:         clk_fpga_0
Waveform(ns):       { 0.000 10.000 }
Period(ns):         20.000
Sources:            { design_1_i/processing_system7_0/inst/PS7_i/FCLKCLK[0] }

Check Type        Corner  Lib Pin             Reference Pin  Required(ns)  Actual(ns)  Slack(ns)  Location      Pin
Min Period        n/a     RAMB36E1/CLKARDCLK  n/a            2.234         20.000      17.766     RAMB36_X1Y4   design_1_i/axi_vdma_3/U0/GEN_SPRT_FOR_MM2S.MM2S_LINEBUFFER_I/GEN_LINEBUF_FLUSH_SOF.GEN_LINEBUFFER.GEN_SYNC_FIFO.I_LINEBUFFER_FIFO/xpm_fifo_sync_inst/xpm_fifo_base_inst/gen_sdpram.xpm_memory_base_inst/gen_wr_a.gen_word_narrow.mem_reg/CLKARDCLK
Min Period        n/a     RAMB36E1/CLKBWRCLK  n/a            2.234         20.000      17.766     RAMB36_X1Y4   design_1_i/axi_vdma_3/U0/GEN_SPRT_FOR_MM2S.MM2S_LINEBUFFER_I/GEN_LINEBUF_FLUSH_SOF.GEN_LINEBUFFER.GEN_SYNC_FIFO.I_LINEBUFFER_FIFO/xpm_fifo_sync_inst/xpm_fifo_base_inst/gen_sdpram.xpm_memory_base_inst/gen_wr_a.gen_word_narrow.mem_reg/CLKBWRCLK
Min Period        n/a     RAMB36E1/CLKARDCLK  n/a            2.234         20.000      17.766     RAMB36_X2Y7   design_1_i/axi_vdma_2/U0/GEN_SPRT_FOR_S2MM.S2MM_LINEBUFFER_I/GEN_S2MM_FLUSH_SOF_LOGIC.GEN_LINEBUFFER_FLUSH_SOF.GEN_SYNC_FIFO_FLUSH_SOF.I_LINEBUFFER_FIFO/xpm_fifo_sync_inst/xpm_fifo_base_inst/gen_sdpram.xpm_memory_base_inst/gen_wr_a.gen_word_narrow.mem_reg/CLKARDCLK
Min Period        n/a     RAMB36E1/CLKBWRCLK  n/a            2.234         20.000      17.766     RAMB36_X2Y7   design_1_i/axi_vdma_2/U0/GEN_SPRT_FOR_S2MM.S2MM_LINEBUFFER_I/GEN_S2MM_FLUSH_SOF_LOGIC.GEN_LINEBUFFER_FLUSH_SOF.GEN_SYNC_FIFO_FLUSH_SOF.I_LINEBUFFER_FIFO/xpm_fifo_sync_inst/xpm_fifo_base_inst/gen_sdpram.xpm_memory_base_inst/gen_wr_a.gen_word_narrow.mem_reg/CLKBWRCLK
Min Period        n/a     RAMB36E1/CLKARDCLK  n/a            2.234         20.000      17.766     RAMB36_X1Y3   design_1_i/axi_vdma_1/U0/GEN_SPRT_FOR_S2MM.S2MM_LINEBUFFER_I/GEN_S2MM_FLUSH_SOF_LOGIC.GEN_LINEBUFFER_FLUSH_SOF.GEN_SYNC_FIFO_FLUSH_SOF.I_LINEBUFFER_FIFO/xpm_fifo_sync_inst/xpm_fifo_base_inst/gen_sdpram.xpm_memory_base_inst/gen_wr_a.gen_word_narrow.mem_reg/CLKARDCLK
Min Period        n/a     RAMB36E1/CLKBWRCLK  n/a            2.234         20.000      17.766     RAMB36_X1Y3   design_1_i/axi_vdma_1/U0/GEN_SPRT_FOR_S2MM.S2MM_LINEBUFFER_I/GEN_S2MM_FLUSH_SOF_LOGIC.GEN_LINEBUFFER_FLUSH_SOF.GEN_SYNC_FIFO_FLUSH_SOF.I_LINEBUFFER_FIFO/xpm_fifo_sync_inst/xpm_fifo_base_inst/gen_sdpram.xpm_memory_base_inst/gen_wr_a.gen_word_narrow.mem_reg/CLKBWRCLK
Min Period        n/a     RAMB36E1/CLKARDCLK  n/a            1.962         20.000      18.038     RAMB36_X2Y9   design_1_i/axi_vdma_2/U0/I_PRMRY_DATAMOVER/GEN_S2MM_FULL.I_S2MM_FULL_WRAPPER/GEN_ENABLE_INDET_BTT_SF.I_INDET_BTT/I_DATA_FIFO/BLK_MEM.I_SYNC_FIFOGEN_FIFO/xpm_fifo_instance.xpm_fifo_sync_inst/xpm_fifo_base_inst/gen_sdpram.xpm_memory_base_inst/gen_wr_a.gen_word_narrow.mem_reg_0/CLKARDCLK
Min Period        n/a     RAMB36E1/CLKBWRCLK  n/a            1.962         20.000      18.038     RAMB36_X2Y9   design_1_i/axi_vdma_2/U0/I_PRMRY_DATAMOVER/GEN_S2MM_FULL.I_S2MM_FULL_WRAPPER/GEN_ENABLE_INDET_BTT_SF.I_INDET_BTT/I_DATA_FIFO/BLK_MEM.I_SYNC_FIFOGEN_FIFO/xpm_fifo_instance.xpm_fifo_sync_inst/xpm_fifo_base_inst/gen_sdpram.xpm_memory_base_inst/gen_wr_a.gen_word_narrow.mem_reg_0/CLKBWRCLK
Min Period        n/a     RAMB36E1/CLKARDCLK  n/a            1.962         20.000      18.038     RAMB36_X2Y8   design_1_i/axi_vdma_2/U0/I_PRMRY_DATAMOVER/GEN_S2MM_FULL.I_S2MM_FULL_WRAPPER/GEN_ENABLE_INDET_BTT_SF.I_INDET_BTT/I_DATA_FIFO/BLK_MEM.I_SYNC_FIFOGEN_FIFO/xpm_fifo_instance.xpm_fifo_sync_inst/xpm_fifo_base_inst/gen_sdpram.xpm_memory_base_inst/gen_wr_a.gen_word_narrow.mem_reg_1/CLKARDCLK
Min Period        n/a     RAMB36E1/CLKBWRCLK  n/a            1.962         20.000      18.038     RAMB36_X2Y8   design_1_i/axi_vdma_2/U0/I_PRMRY_DATAMOVER/GEN_S2MM_FULL.I_S2MM_FULL_WRAPPER/GEN_ENABLE_INDET_BTT_SF.I_INDET_BTT/I_DATA_FIFO/BLK_MEM.I_SYNC_FIFOGEN_FIFO/xpm_fifo_instance.xpm_fifo_sync_inst/xpm_fifo_base_inst/gen_sdpram.xpm_memory_base_inst/gen_wr_a.gen_word_narrow.mem_reg_1/CLKBWRCLK
Low Pulse Width   Slow    RAMS32/CLK          n/a            1.050         10.000      8.950      SLICE_X10Y29  design_1_i/smartconnect_0/inst/m00_nodes/m00_w_node/inst/inst_mi_handler/gen_normal_area.inst_fifo_node_payld/gen_xpm_memory_fifo.inst_fifo/gen_mem_rep[0].inst_xpm_memory/xpm_memory_base_inst/gen_wr_a.gen_word_narrow.mem_reg_0_31_42_47/RAMD_D1/CLK
Low Pulse Width   Slow    RAMD32/CLK          n/a            1.050         10.000      8.950      SLICE_X14Y27  design_1_i/smartconnect_0/inst/m00_nodes/m00_w_node/inst/inst_mi_handler/gen_normal_area.inst_fifo_node_payld/gen_xpm_memory_fifo.inst_fifo/gen_mem_rep[0].inst_xpm_memory/xpm_memory_base_inst/gen_wr_a.gen_word_narrow.mem_reg_0_31_48_53/RAMA/CLK
Low Pulse Width   Fast    RAMD32/CLK          n/a            1.050         10.000      8.950      SLICE_X14Y27  design_1_i/smartconnect_0/inst/m00_nodes/m00_w_node/inst/inst_mi_handler/gen_normal_area.inst_fifo_node_payld/gen_xpm_memory_fifo.inst_fifo/gen_mem_rep[0].inst_xpm_memory/xpm_memory_base_inst/gen_wr_a.gen_word_narrow.mem_reg_0_31_48_53/RAMA/CLK
Low Pulse Width   Slow    RAMD32/CLK          n/a            1.050         10.000      8.950      SLICE_X14Y27  design_1_i/smartconnect_0/inst/m00_nodes/m00_w_node/inst/inst_mi_handler/gen_normal_area.inst_fifo_node_payld/gen_xpm_memory_fifo.inst_fifo/gen_mem_rep[0].inst_xpm_memory/xpm_memory_base_inst/gen_wr_a.gen_word_narrow.mem_reg_0_31_48_53/RAMA_D1/CLK
Low Pulse Width   Fast    RAMD32/CLK          n/a            1.050         10.000      8.950      SLICE_X14Y27  design_1_i/smartconnect_0/inst/m00_nodes/m00_w_node/inst/inst_mi_handler/gen_normal_area.inst_fifo_node_payld/gen_xpm_memory_fifo.inst_fifo/gen_mem_rep[0].inst_xpm_memory/xpm_memory_base_inst/gen_wr_a.gen_word_narrow.mem_reg_0_31_48_53/RAMA_D1/CLK
Low Pulse Width   Slow    RAMD32/CLK          n/a            1.050         10.000      8.950      SLICE_X14Y27  design_1_i/smartconnect_0/inst/m00_nodes/m00_w_node/inst/inst_mi_handler/gen_normal_area.inst_fifo_node_payld/gen_xpm_memory_fifo.inst_fifo/gen_mem_rep[0].inst_xpm_memory/xpm_memory_base_inst/gen_wr_a.gen_word_narrow.mem_reg_0_31_48_53/RAMB/CLK
Low Pulse Width   Fast    RAMD32/CLK          n/a            1.050         10.000      8.950      SLICE_X14Y27  design_1_i/smartconnect_0/inst/m00_nodes/m00_w_node/inst/inst_mi_handler/gen_normal_area.inst_fifo_node_payld/gen_xpm_memory_fifo.inst_fifo/gen_mem_rep[0].inst_xpm_memory/xpm_memory_base_inst/gen_wr_a.gen_word_narrow.mem_reg_0_31_48_53/RAMB/CLK
Low Pulse Width   Slow    RAMD32/CLK          n/a            1.050         10.000      8.950      SLICE_X14Y27  design_1_i/smartconnect_0/inst/m00_nodes/m00_w_node/inst/inst_mi_handler/gen_normal_area.inst_fifo_node_payld/gen_xpm_memory_fifo.inst_fifo/gen_mem_rep[0].inst_xpm_memory/xpm_memory_base_inst/gen_wr_a.gen_word_narrow.mem_reg_0_31_48_53/RAMB_D1/CLK
Low Pulse Width   Fast    RAMD32/CLK          n/a            1.050         10.000      8.950      SLICE_X14Y27  design_1_i/smartconnect_0/inst/m00_nodes/m00_w_node/inst/inst_mi_handler/gen_normal_area.inst_fifo_node_payld/gen_xpm_memory_fifo.inst_fifo/gen_mem_rep[0].inst_xpm_memory/xpm_memory_base_inst/gen_wr_a.gen_word_narrow.mem_reg_0_31_48_53/RAMB_D1/CLK
Low Pulse Width   Slow    RAMD32/CLK          n/a            1.050         10.000      8.950      SLICE_X14Y27  design_1_i/smartconnect_0/inst/m00_nodes/m00_w_node/inst/inst_mi_handler/gen_normal_area.inst_fifo_node_payld/gen_xpm_memory_fifo.inst_fifo/gen_mem_rep[0].inst_xpm_memory/xpm_memory_base_inst/gen_wr_a.gen_word_narrow.mem_reg_0_31_48_53/RAMC/CLK
High Pulse Width  Fast    RAMD32/CLK          n/a            1.050         10.000      8.950      SLICE_X42Y67  design_1_i/axi_vdma_2/U0/I_PRMRY_DATAMOVER/GEN_S2MM_FULL.I_S2MM_FULL_WRAPPER/GEN_ENABLE_INDET_BTT_SF.I_INDET_BTT/I_XD_FIFO/NON_BLK_MEM.I_SYNC_FIFOGEN_FIFO/xpm_fifo_instance.xpm_fifo_sync_inst/xpm_fifo_base_inst/gen_sdpram.xpm_memory_base_inst/gen_wr_a.gen_word_narrow.mem_reg_0_15_6_11/RAMA/CLK
High Pulse Width  Fast    RAMD32/CLK          n/a            1.050         10.000      8.950      SLICE_X42Y67  design_1_i/axi_vdma_2/U0/I_PRMRY_DATAMOVER/GEN_S2MM_FULL.I_S2MM_FULL_WRAPPER/GEN_ENABLE_INDET_BTT_SF.I_INDET_BTT/I_XD_FIFO/NON_BLK_MEM.I_SYNC_FIFOGEN_FIFO/xpm_fifo_instance.xpm_fifo_sync_inst/xpm_fifo_base_inst/gen_sdpram.xpm_memory_base_inst/gen_wr_a.gen_word_narrow.mem_reg_0_15_6_11/RAMA_D1/CLK
High Pulse Width  Fast    RAMD32/CLK          n/a            1.050         10.000      8.950      SLICE_X42Y67  design_1_i/axi_vdma_2/U0/I_PRMRY_DATAMOVER/GEN_S2MM_FULL.I_S2MM_FULL_WRAPPER/GEN_ENABLE_INDET_BTT_SF.I_INDET_BTT/I_XD_FIFO/NON_BLK_MEM.I_SYNC_FIFOGEN_FIFO/xpm_fifo_instance.xpm_fifo_sync_inst/xpm_fifo_base_inst/gen_sdpram.xpm_memory_base_inst/gen_wr_a.gen_word_narrow.mem_reg_0_15_6_11/RAMB/CLK
High Pulse Width  Fast    RAMD32/CLK          n/a            1.050         10.000      8.950      SLICE_X42Y67  design_1_i/axi_vdma_2/U0/I_PRMRY_DATAMOVER/GEN_S2MM_FULL.I_S2MM_FULL_WRAPPER/GEN_ENABLE_INDET_BTT_SF.I_INDET_BTT/I_XD_FIFO/NON_BLK_MEM.I_SYNC_FIFOGEN_FIFO/xpm_fifo_instance.xpm_fifo_sync_inst/xpm_fifo_base_inst/gen_sdpram.xpm_memory_base_inst/gen_wr_a.gen_word_narrow.mem_reg_0_15_6_11/RAMB_D1/CLK
High Pulse Width  Fast    RAMD32/CLK          n/a            1.050         10.000      8.950      SLICE_X42Y67  design_1_i/axi_vdma_2/U0/I_PRMRY_DATAMOVER/GEN_S2MM_FULL.I_S2MM_FULL_WRAPPER/GEN_ENABLE_INDET_BTT_SF.I_INDET_BTT/I_XD_FIFO/NON_BLK_MEM.I_SYNC_FIFOGEN_FIFO/xpm_fifo_instance.xpm_fifo_sync_inst/xpm_fifo_base_inst/gen_sdpram.xpm_memory_base_inst/gen_wr_a.gen_word_narrow.mem_reg_0_15_6_11/RAMC/CLK
High Pulse Width  Fast    RAMS32/CLK          n/a            1.050         10.000      8.950      SLICE_X10Y29  design_1_i/smartconnect_0/inst/m00_nodes/m00_w_node/inst/inst_mi_handler/gen_normal_area.inst_fifo_node_payld/gen_xpm_memory_fifo.inst_fifo/gen_mem_rep[0].inst_xpm_memory/xpm_memory_base_inst/gen_wr_a.gen_word_narrow.mem_reg_0_31_42_47/RAMD_D1/CLK
High Pulse Width  Fast    RAMD32/CLK          n/a            1.050         10.000      8.950      SLICE_X42Y67  design_1_i/axi_vdma_2/U0/I_PRMRY_DATAMOVER/GEN_S2MM_FULL.I_S2MM_FULL_WRAPPER/GEN_ENABLE_INDET_BTT_SF.I_INDET_BTT/I_XD_FIFO/NON_BLK_MEM.I_SYNC_FIFOGEN_FIFO/xpm_fifo_instance.xpm_fifo_sync_inst/xpm_fifo_base_inst/gen_sdpram.xpm_memory_base_inst/gen_wr_a.gen_word_narrow.mem_reg_0_15_6_11/RAMC_D1/CLK
High Pulse Width  Fast    RAMS32/CLK          n/a            1.050         10.000      8.950      SLICE_X42Y67  design_1_i/axi_vdma_2/U0/I_PRMRY_DATAMOVER/GEN_S2MM_FULL.I_S2MM_FULL_WRAPPER/GEN_ENABLE_INDET_BTT_SF.I_INDET_BTT/I_XD_FIFO/NON_BLK_MEM.I_SYNC_FIFOGEN_FIFO/xpm_fifo_instance.xpm_fifo_sync_inst/xpm_fifo_base_inst/gen_sdpram.xpm_memory_base_inst/gen_wr_a.gen_word_narrow.mem_reg_0_15_6_11/RAMD/CLK
High Pulse Width  Fast    RAMS32/CLK          n/a            1.050         10.000      8.950      SLICE_X42Y67  design_1_i/axi_vdma_2/U0/I_PRMRY_DATAMOVER/GEN_S2MM_FULL.I_S2MM_FULL_WRAPPER/GEN_ENABLE_INDET_BTT_SF.I_INDET_BTT/I_XD_FIFO/NON_BLK_MEM.I_SYNC_FIFOGEN_FIFO/xpm_fifo_instance.xpm_fifo_sync_inst/xpm_fifo_base_inst/gen_sdpram.xpm_memory_base_inst/gen_wr_a.gen_word_narrow.mem_reg_0_15_6_11/RAMD_D1/CLK
High Pulse Width  Fast    RAMD32/CLK          n/a            1.050         10.000      8.950      SLICE_X14Y33  design_1_i/smartconnect_0/inst/m00_nodes/m00_w_node/inst/inst_mi_handler/gen_normal_area.inst_fifo_node_payld/gen_xpm_memory_fifo.inst_fifo/gen_mem_rep[0].inst_xpm_memory/xpm_memory_base_inst/gen_wr_a.gen_word_narrow.mem_reg_0_31_54_59/RAMA/CLK



