Copyright 1986-2019 Xilinx, Inc. All Rights Reserved.
-----------------------------------------------------------------------------------------------------------------------------------------------------------------------------------------------------------------------
| Tool Version : Vivado v.2019.1 (win64) Build 2552052 Fri May 24 14:49:42 MDT 2019
| Date         : Wed Mar  5 17:09:23 2025
| Host         : 706-DSKIEE-2201 running 64-bit major release  (build 9200)
| Command      : report_timing_summary -max_paths 10 -file design_1_wrapper_timing_summary_routed.rpt -pb design_1_wrapper_timing_summary_routed.pb -rpx design_1_wrapper_timing_summary_routed.rpx -warn_on_violation
| Design       : design_1_wrapper
| Device       : 7z020-clg400
| Speed File   : -3  PRODUCTION 1.11 2014-09-11
-----------------------------------------------------------------------------------------------------------------------------------------------------------------------------------------------------------------------

Timing Summary Report

------------------------------------------------------------------------------------------------
| Timer Settings
| --------------
------------------------------------------------------------------------------------------------

  Enable Multi Corner Analysis               :  Yes
  Enable Pessimism Removal                   :  Yes
  Pessimism Removal Resolution               :  Nearest Common Node
  Enable Input Delay Default Clock           :  No
  Enable Preset / Clear Arcs                 :  No
  Disable Flight Delays                      :  No
  Ignore I/O Paths                           :  No
  Timing Early Launch at Borrowing Latches   :  No
  Borrow Time for Max Delay Exceptions       :  Yes

  Corner  Analyze    Analyze    
  Name    Max Paths  Min Paths  
  ------  ---------  ---------  
  Slow    Yes        Yes        
  Fast    Yes        Yes        



check_timing report

Table of Contents
-----------------
1. checking no_clock
2. checking constant_clock
3. checking pulse_width_clock
4. checking unconstrained_internal_endpoints
5. checking no_input_delay
6. checking no_output_delay
7. checking multiple_clock
8. checking generated_clocks
9. checking loops
10. checking partial_input_delay
11. checking partial_output_delay
12. checking latch_loops

1. checking no_clock
--------------------
 There are 0 register/latch pins with no clock.


2. checking constant_clock
--------------------------
 There are 0 register/latch pins with constant_clock.


3. checking pulse_width_clock
-----------------------------
 There are 0 register/latch pins which need pulse_width check


4. checking unconstrained_internal_endpoints
--------------------------------------------
 There are 0 pins that are not constrained for maximum delay.

 There are 0 pins that are not constrained for maximum delay due to constant clock.


5. checking no_input_delay
--------------------------
 There are 0 input ports with no input delay specified.

 There are 0 input ports with no input delay but user has a false path constraint.


6. checking no_output_delay
---------------------------
 There are 0 ports with no output delay specified.

 There are 0 ports with no output delay but user has a false path constraint

 There are 0 ports with no output delay but with a timing clock defined on it or propagating through it


7. checking multiple_clock
--------------------------
 There are 0 register/latch pins with multiple clocks.


8. checking generated_clocks
----------------------------
 There are 0 generated clocks that are not connected to a clock source.


9. checking loops
-----------------
 There are 0 combinational loops in the design.


10. checking partial_input_delay
--------------------------------
 There are 0 input ports with partial input delay specified.


11. checking partial_output_delay
---------------------------------
 There are 0 ports with partial output delay specified.


12. checking latch_loops
------------------------
 There are 0 combinational latch loops in the design through latch input



------------------------------------------------------------------------------------------------
| Design Timing Summary
| ---------------------
------------------------------------------------------------------------------------------------

    WNS(ns)      TNS(ns)  TNS Failing Endpoints  TNS Total Endpoints      WHS(ns)      THS(ns)  THS Failing Endpoints  THS Total Endpoints     WPWS(ns)     TPWS(ns)  TPWS Failing Endpoints  TPWS Total Endpoints  
    -------      -------  ---------------------  -------------------      -------      -------  ---------------------  -------------------     --------     --------  ----------------------  --------------------  
      7.176        0.000                      0                39737        0.060        0.000                      0                39737        8.950        0.000                       0                 15084  


All user specified timing constraints are met.


------------------------------------------------------------------------------------------------
| Clock Summary
| -------------
------------------------------------------------------------------------------------------------

Clock       Waveform(ns)       Period(ns)      Frequency(MHz)
-----       ------------       ----------      --------------
clk_fpga_0  {0.000 10.000}     20.000          50.000          


------------------------------------------------------------------------------------------------
| Intra Clock Table
| -----------------
------------------------------------------------------------------------------------------------

Clock             WNS(ns)      TNS(ns)  TNS Failing Endpoints  TNS Total Endpoints      WHS(ns)      THS(ns)  THS Failing Endpoints  THS Total Endpoints     WPWS(ns)     TPWS(ns)  TPWS Failing Endpoints  TPWS Total Endpoints  
-----             -------      -------  ---------------------  -------------------      -------      -------  ---------------------  -------------------     --------     --------  ----------------------  --------------------  
clk_fpga_0          7.176        0.000                      0                39737        0.060        0.000                      0                39737        8.950        0.000                       0                 15084  


------------------------------------------------------------------------------------------------
| Inter Clock Table
| -----------------
------------------------------------------------------------------------------------------------

From Clock    To Clock          WNS(ns)      TNS(ns)  TNS Failing Endpoints  TNS Total Endpoints      WHS(ns)      THS(ns)  THS Failing Endpoints  THS Total Endpoints  
----------    --------          -------      -------  ---------------------  -------------------      -------      -------  ---------------------  -------------------  


------------------------------------------------------------------------------------------------
| Other Path Groups Table
| -----------------------
------------------------------------------------------------------------------------------------

Path Group    From Clock    To Clock          WNS(ns)      TNS(ns)  TNS Failing Endpoints  TNS Total Endpoints      WHS(ns)      THS(ns)  THS Failing Endpoints  THS Total Endpoints  
----------    ----------    --------          -------      -------  ---------------------  -------------------      -------      -------  ---------------------  -------------------  


------------------------------------------------------------------------------------------------
| Timing Details
| --------------
------------------------------------------------------------------------------------------------


---------------------------------------------------------------------------------------------------
From Clock:  clk_fpga_0
  To Clock:  clk_fpga_0

Setup :            0  Failing Endpoints,  Worst Slack        7.176ns,  Total Violation        0.000ns
Hold  :            0  Failing Endpoints,  Worst Slack        0.060ns,  Total Violation        0.000ns
PW    :            0  Failing Endpoints,  Worst Slack        8.950ns,  Total Violation        0.000ns
---------------------------------------------------------------------------------------------------


Max Delay Paths
--------------------------------------------------------------------------------------
Slack (MET) :             7.176ns  (required time - arrival time)
  Source:                 design_1_i/conv_core_ip_0/U0/u_conv_core_ip_dut_inst/u_conv_core_ip_src_conv_core/u_Subsystem1/Delay1_out1_reg[0][13]/C
                            (rising edge-triggered cell FDRE clocked by clk_fpga_0  {rise@0.000ns fall@10.000ns period=20.000ns})
  Destination:            design_1_i/conv_core_ip_0/U0/u_conv_core_ip_dut_inst/u_conv_core_ip_src_conv_core/u_Subsystem1/Delay2_out1_reg[28]/D
                            (rising edge-triggered cell FDRE clocked by clk_fpga_0  {rise@0.000ns fall@10.000ns period=20.000ns})
  Path Group:             clk_fpga_0
  Path Type:              Setup (Max at Slow Process Corner)
  Requirement:            20.000ns  (clk_fpga_0 rise@20.000ns - clk_fpga_0 rise@0.000ns)
  Data Path Delay:        12.508ns  (logic 7.030ns (56.205%)  route 5.478ns (43.795%))
  Logic Levels:           28  (CARRY4=18 LUT2=6 LUT4=1 LUT5=1 LUT6=2)
  Clock Path Skew:        -0.047ns (DCD - SCD + CPR)
    Destination Clock Delay (DCD):    2.028ns = ( 22.028 - 20.000 ) 
    Source Clock Delay      (SCD):    2.246ns
    Clock Pessimism Removal (CPR):    0.171ns
  Clock Uncertainty:      0.302ns  ((TSJ^2 + TIJ^2)^1/2 + DJ) / 2 + PE
    Total System Jitter     (TSJ):    0.071ns
    Total Input Jitter      (TIJ):    0.600ns
    Discrete Jitter          (DJ):    0.000ns
    Phase Error              (PE):    0.000ns

    Location             Delay type                Incr(ns)  Path(ns)    Netlist Resource(s)
  -------------------------------------------------------------------    -------------------
                         (clock clk_fpga_0 rise edge)
                                                      0.000     0.000 r  
    PS7_X0Y0             PS7                          0.000     0.000 r  design_1_i/processing_system7_0/inst/PS7_i/FCLKCLK[0]
                         net (fo=1, routed)           0.863     0.863    design_1_i/processing_system7_0/inst/FCLK_CLK_unbuffered[0]
    BUFGCTRL_X0Y16       BUFG (Prop_bufg_I_O)         0.079     0.942 r  design_1_i/processing_system7_0/inst/buffer_fclk_clk_0.FCLK_CLK_0_BUFG/O
                         net (fo=15086, routed)       1.304     2.246    design_1_i/conv_core_ip_0/U0/u_conv_core_ip_dut_inst/u_conv_core_ip_src_conv_core/u_Subsystem1/IPCORE_CLK
    SLICE_X57Y23         FDRE                                         r  design_1_i/conv_core_ip_0/U0/u_conv_core_ip_dut_inst/u_conv_core_ip_src_conv_core/u_Subsystem1/Delay1_out1_reg[0][13]/C
  -------------------------------------------------------------------    -------------------
    SLICE_X57Y23         FDRE (Prop_fdre_C_Q)         0.341     2.587 r  design_1_i/conv_core_ip_0/U0/u_conv_core_ip_dut_inst/u_conv_core_ip_src_conv_core/u_Subsystem1/Delay1_out1_reg[0][13]/Q
                         net (fo=4, routed)           0.628     3.215    design_1_i/conv_core_ip_0/U0/u_conv_core_ip_dut_inst/u_conv_core_ip_src_conv_core/u_Subsystem1/Delay1_out1_reg_n_0_[0][13]
    SLICE_X52Y23         LUT2 (Prop_lut2_I0_O)        0.097     3.312 r  design_1_i/conv_core_ip_0/U0/u_conv_core_ip_dut_inst/u_conv_core_ip_src_conv_core/u_Subsystem1/Sum_of_Elements_stage2_add_temp_carry_i_3/O
                         net (fo=1, routed)           0.000     3.312    design_1_i/conv_core_ip_0/U0/u_conv_core_ip_dut_inst/u_conv_core_ip_src_conv_core/u_Subsystem1/Sum_of_Elements_stage2_add_temp_carry_i_3_n_0
    SLICE_X52Y23         CARRY4 (Prop_carry4_S[1]_CO[3])
                                                      0.412     3.724 r  design_1_i/conv_core_ip_0/U0/u_conv_core_ip_dut_inst/u_conv_core_ip_src_conv_core/u_Subsystem1/Sum_of_Elements_stage2_add_temp_carry/CO[3]
                         net (fo=1, routed)           0.000     3.724    design_1_i/conv_core_ip_0/U0/u_conv_core_ip_dut_inst/u_conv_core_ip_src_conv_core/u_Subsystem1/Sum_of_Elements_stage2_add_temp_carry_n_0
    SLICE_X52Y24         CARRY4 (Prop_carry4_CI_O[0])
                                                      0.159     3.883 r  design_1_i/conv_core_ip_0/U0/u_conv_core_ip_dut_inst/u_conv_core_ip_src_conv_core/u_Subsystem1/Sum_of_Elements_stage2_add_temp_carry__0/O[0]
                         net (fo=2, routed)           0.442     4.325    design_1_i/conv_core_ip_0/U0/u_conv_core_ip_dut_inst/u_conv_core_ip_src_conv_core/u_Subsystem1/Sum_of_Elements_stage2_add_temp_carry__0_n_7
    SLICE_X53Y24         LUT2 (Prop_lut2_I0_O)        0.224     4.549 r  design_1_i/conv_core_ip_0/U0/u_conv_core_ip_dut_inst/u_conv_core_ip_src_conv_core/u_Subsystem1/Sum_of_Elements_stage3_add_temp_carry__0_i_3/O
                         net (fo=1, routed)           0.000     4.549    design_1_i/conv_core_ip_0/U0/u_conv_core_ip_dut_inst/u_conv_core_ip_src_conv_core/u_Subsystem1/Sum_of_Elements_stage3_add_temp_carry__0_i_3_n_0
    SLICE_X53Y24         CARRY4 (Prop_carry4_S[1]_CO[3])
                                                      0.412     4.961 r  design_1_i/conv_core_ip_0/U0/u_conv_core_ip_dut_inst/u_conv_core_ip_src_conv_core/u_Subsystem1/Sum_of_Elements_stage3_add_temp_carry__0/CO[3]
                         net (fo=1, routed)           0.007     4.968    design_1_i/conv_core_ip_0/U0/u_conv_core_ip_dut_inst/u_conv_core_ip_src_conv_core/u_Subsystem1/Sum_of_Elements_stage3_add_temp_carry__0_n_0
    SLICE_X53Y25         CARRY4 (Prop_carry4_CI_O[0])
                                                      0.159     5.127 r  design_1_i/conv_core_ip_0/U0/u_conv_core_ip_dut_inst/u_conv_core_ip_src_conv_core/u_Subsystem1/Sum_of_Elements_stage3_add_temp_carry__1/O[0]
                         net (fo=2, routed)           0.429     5.557    design_1_i/conv_core_ip_0/U0/u_conv_core_ip_dut_inst/u_conv_core_ip_src_conv_core/u_Subsystem1/Sum_of_Elements_stage3_add_temp_carry__1_n_7
    SLICE_X54Y24         LUT2 (Prop_lut2_I0_O)        0.224     5.781 r  design_1_i/conv_core_ip_0/U0/u_conv_core_ip_dut_inst/u_conv_core_ip_src_conv_core/u_Subsystem1/Sum_of_Elements_stage6_add_temp_carry__0_i_6/O
                         net (fo=1, routed)           0.000     5.781    design_1_i/conv_core_ip_0/U0/u_conv_core_ip_dut_inst/u_conv_core_ip_src_conv_core/u_Subsystem1/Sum_of_Elements_stage6_add_temp_carry__0_i_6_n_0
    SLICE_X54Y24         CARRY4 (Prop_carry4_S[3]_CO[3])
                                                      0.284     6.065 r  design_1_i/conv_core_ip_0/U0/u_conv_core_ip_dut_inst/u_conv_core_ip_src_conv_core/u_Subsystem1/Sum_of_Elements_stage6_add_temp_carry__0_i_1/CO[3]
                         net (fo=1, routed)           0.007     6.072    design_1_i/conv_core_ip_0/U0/u_conv_core_ip_dut_inst/u_conv_core_ip_src_conv_core/u_Subsystem1/Sum_of_Elements_stage6_add_temp_carry__0_i_1_n_0
    SLICE_X54Y25         CARRY4 (Prop_carry4_CI_O[1])
                                                      0.223     6.295 r  design_1_i/conv_core_ip_0/U0/u_conv_core_ip_dut_inst/u_conv_core_ip_src_conv_core/u_Subsystem1/Sum_of_Elements_stage6_add_temp_carry__1_i_1/O[1]
                         net (fo=3, routed)           0.465     6.760    design_1_i/conv_core_ip_0/U0/u_conv_core_ip_dut_inst/u_conv_core_ip_src_conv_core/u_Subsystem1/Sum_of_Elements_stage6_add_temp_carry__1_i_1_n_6
    SLICE_X56Y24         LUT2 (Prop_lut2_I1_O)        0.216     6.976 r  design_1_i/conv_core_ip_0/U0/u_conv_core_ip_dut_inst/u_conv_core_ip_src_conv_core/u_Subsystem1/Sum_of_Elements_stage6_add_temp_carry__1_i_4/O
                         net (fo=1, routed)           0.000     6.976    design_1_i/conv_core_ip_0/U0/u_conv_core_ip_dut_inst/u_conv_core_ip_src_conv_core/u_Subsystem1/Sum_of_Elements_stage6_add_temp_carry__1_i_4_n_0
    SLICE_X56Y24         CARRY4 (Prop_carry4_S[1]_O[3])
                                                      0.477     7.453 r  design_1_i/conv_core_ip_0/U0/u_conv_core_ip_dut_inst/u_conv_core_ip_src_conv_core/u_Subsystem1/Sum_of_Elements_stage6_add_temp_carry__1/O[3]
                         net (fo=3, routed)           0.415     7.868    design_1_i/conv_core_ip_0/U0/u_conv_core_ip_dut_inst/u_conv_core_ip_src_conv_core/u_Subsystem1/Sum_of_Elements_op_stage4[24]
    SLICE_X59Y24         LUT2 (Prop_lut2_I1_O)        0.234     8.102 r  design_1_i/conv_core_ip_0/U0/u_conv_core_ip_dut_inst/u_conv_core_ip_src_conv_core/u_Subsystem1/Sum_of_Elements_stage6_add_temp__38_carry__1_i_2/O
                         net (fo=1, routed)           0.000     8.102    design_1_i/conv_core_ip_0/U0/u_conv_core_ip_dut_inst/u_conv_core_ip_src_conv_core/u_Subsystem1/Sum_of_Elements_stage6_add_temp__38_carry__1_i_2_n_0
    SLICE_X59Y24         CARRY4 (Prop_carry4_S[3]_CO[3])
                                                      0.299     8.401 r  design_1_i/conv_core_ip_0/U0/u_conv_core_ip_dut_inst/u_conv_core_ip_src_conv_core/u_Subsystem1/Sum_of_Elements_stage6_add_temp__38_carry__1/CO[3]
                         net (fo=1, routed)           0.007     8.409    design_1_i/conv_core_ip_0/U0/u_conv_core_ip_dut_inst/u_conv_core_ip_src_conv_core/u_Subsystem1/Sum_of_Elements_stage6_add_temp__38_carry__1_n_0
    SLICE_X59Y25         CARRY4 (Prop_carry4_CI_O[1])
                                                      0.230     8.639 r  design_1_i/conv_core_ip_0/U0/u_conv_core_ip_dut_inst/u_conv_core_ip_src_conv_core/u_Subsystem1/Sum_of_Elements_stage6_add_temp__38_carry__2/O[1]
                         net (fo=3, routed)           0.331     8.969    design_1_i/conv_core_ip_0/U0/u_conv_core_ip_dut_inst/u_conv_core_ip_src_conv_core/u_Subsystem1/Sum_of_Elements_stage6_add_temp__38_carry__2_n_6
    SLICE_X58Y24         LUT2 (Prop_lut2_I0_O)        0.225     9.194 r  design_1_i/conv_core_ip_0/U0/u_conv_core_ip_dut_inst/u_conv_core_ip_src_conv_core/u_Subsystem1/Sum_of_Elements_stage7_add_temp_carry__2_i_1/O
                         net (fo=1, routed)           0.000     9.194    design_1_i/conv_core_ip_0/U0/u_conv_core_ip_dut_inst/u_conv_core_ip_src_conv_core/u_Subsystem1/Sum_of_Elements_stage7_add_temp_carry__2_i_1_n_0
    SLICE_X58Y24         CARRY4 (Prop_carry4_S[3]_CO[3])
                                                      0.284     9.478 r  design_1_i/conv_core_ip_0/U0/u_conv_core_ip_dut_inst/u_conv_core_ip_src_conv_core/u_Subsystem1/Sum_of_Elements_stage7_add_temp_carry__2/CO[3]
                         net (fo=1, routed)           0.007     9.486    design_1_i/conv_core_ip_0/U0/u_conv_core_ip_dut_inst/u_conv_core_ip_src_conv_core/u_Subsystem1/Sum_of_Elements_stage7_add_temp_carry__2_n_0
    SLICE_X58Y25         CARRY4 (Prop_carry4_CI_CO[0])
                                                      0.184     9.670 r  design_1_i/conv_core_ip_0/U0/u_conv_core_ip_dut_inst/u_conv_core_ip_src_conv_core/u_Subsystem1/Sum_of_Elements_stage8_add_temp_carry__2_i_1/CO[0]
                         net (fo=33, routed)          0.408    10.078    design_1_i/conv_core_ip_0/U0/u_conv_core_ip_dut_inst/u_conv_core_ip_src_conv_core/u_Subsystem1/Sum_of_Elements_stage8_add_temp_carry__2_i_1_n_3
    SLICE_X61Y21         LUT5 (Prop_lut5_I4_O)        0.262    10.340 r  design_1_i/conv_core_ip_0/U0/u_conv_core_ip_dut_inst/u_conv_core_ip_src_conv_core/u_Subsystem1/Sum_of_Elements_stage8_add_temp_carry_i_4/O
                         net (fo=1, routed)           0.422    10.763    design_1_i/conv_core_ip_0/U0/u_conv_core_ip_dut_inst/u_conv_core_ip_src_conv_core/u_Subsystem1/Sum_of_Elements_stage8_add_temp_carry_i_4_n_0
    SLICE_X60Y21         CARRY4 (Prop_carry4_DI[1]_CO[3])
                                                      0.374    11.137 r  design_1_i/conv_core_ip_0/U0/u_conv_core_ip_dut_inst/u_conv_core_ip_src_conv_core/u_Subsystem1/Sum_of_Elements_stage8_add_temp_carry/CO[3]
                         net (fo=1, routed)           0.000    11.137    design_1_i/conv_core_ip_0/U0/u_conv_core_ip_dut_inst/u_conv_core_ip_src_conv_core/u_Subsystem1/Sum_of_Elements_stage8_add_temp_carry_n_0
    SLICE_X60Y22         CARRY4 (Prop_carry4_CI_CO[3])
                                                      0.089    11.226 r  design_1_i/conv_core_ip_0/U0/u_conv_core_ip_dut_inst/u_conv_core_ip_src_conv_core/u_Subsystem1/Sum_of_Elements_stage8_add_temp_carry__0/CO[3]
                         net (fo=1, routed)           0.000    11.226    design_1_i/conv_core_ip_0/U0/u_conv_core_ip_dut_inst/u_conv_core_ip_src_conv_core/u_Subsystem1/Sum_of_Elements_stage8_add_temp_carry__0_n_0
    SLICE_X60Y23         CARRY4 (Prop_carry4_CI_CO[3])
                                                      0.089    11.315 r  design_1_i/conv_core_ip_0/U0/u_conv_core_ip_dut_inst/u_conv_core_ip_src_conv_core/u_Subsystem1/Sum_of_Elements_stage8_add_temp_carry__1/CO[3]
                         net (fo=1, routed)           0.000    11.315    design_1_i/conv_core_ip_0/U0/u_conv_core_ip_dut_inst/u_conv_core_ip_src_conv_core/u_Subsystem1/Sum_of_Elements_stage8_add_temp_carry__1_n_0
    SLICE_X60Y24         CARRY4 (Prop_carry4_CI_CO[3])
                                                      0.089    11.404 r  design_1_i/conv_core_ip_0/U0/u_conv_core_ip_dut_inst/u_conv_core_ip_src_conv_core/u_Subsystem1/Sum_of_Elements_stage8_add_temp_carry__2/CO[3]
                         net (fo=1, routed)           0.007    11.411    design_1_i/conv_core_ip_0/U0/u_conv_core_ip_dut_inst/u_conv_core_ip_src_conv_core/u_Subsystem1/Sum_of_Elements_stage8_add_temp_carry__2_n_0
    SLICE_X60Y25         CARRY4 (Prop_carry4_CI_CO[0])
                                                      0.187    11.598 r  design_1_i/conv_core_ip_0/U0/u_conv_core_ip_dut_inst/u_conv_core_ip_src_conv_core/u_Subsystem1/Sum_of_Elements_stage9_add_temp_carry__2_i_1/CO[0]
                         net (fo=22, routed)          0.668    12.266    design_1_i/conv_core_ip_0/U0/u_conv_core_ip_dut_inst/u_conv_core_ip_src_conv_core/u_Subsystem1/Sum_of_Elements_stage9_add_temp_carry__2_i_1_n_3
    SLICE_X63Y21         LUT4 (Prop_lut4_I0_O)        0.279    12.545 r  design_1_i/conv_core_ip_0/U0/u_conv_core_ip_dut_inst/u_conv_core_ip_src_conv_core/u_Subsystem1/Sum_of_Elements_stage9_add_temp_carry__0_i_3/O
                         net (fo=1, routed)           0.000    12.545    design_1_i/conv_core_ip_0/U0/u_conv_core_ip_dut_inst/u_conv_core_ip_src_conv_core/u_Subsystem1/Sum_of_Elements_stage9_add_temp_carry__0_i_3_n_0
    SLICE_X63Y21         CARRY4 (Prop_carry4_S[1]_CO[3])
                                                      0.412    12.957 r  design_1_i/conv_core_ip_0/U0/u_conv_core_ip_dut_inst/u_conv_core_ip_src_conv_core/u_Subsystem1/Sum_of_Elements_stage9_add_temp_carry__0/CO[3]
                         net (fo=1, routed)           0.000    12.957    design_1_i/conv_core_ip_0/U0/u_conv_core_ip_dut_inst/u_conv_core_ip_src_conv_core/u_Subsystem1/Sum_of_Elements_stage9_add_temp_carry__0_n_0
    SLICE_X63Y22         CARRY4 (Prop_carry4_CI_O[3])
                                                      0.234    13.191 r  design_1_i/conv_core_ip_0/U0/u_conv_core_ip_dut_inst/u_conv_core_ip_src_conv_core/u_Subsystem1/Sum_of_Elements_stage9_add_temp_carry__1/O[3]
                         net (fo=1, routed)           0.718    13.909    design_1_i/conv_core_ip_0/U0/u_conv_core_ip_dut_inst/u_conv_core_ip_src_conv_core/u_Subsystem1/Sum_of_Elements_stage9_add_temp_carry__1_n_4
    SLICE_X62Y22         LUT6 (Prop_lut6_I0_O)        0.234    14.143 r  design_1_i/conv_core_ip_0/U0/u_conv_core_ip_dut_inst/u_conv_core_ip_src_conv_core/u_Subsystem1/Delay2_out1[31]_i_3/O
                         net (fo=8, routed)           0.514    14.657    design_1_i/conv_core_ip_0/U0/u_conv_core_ip_dut_inst/u_conv_core_ip_src_conv_core/u_Subsystem1/Delay2_out1[31]_i_3_n_0
    SLICE_X64Y22         LUT6 (Prop_lut6_I3_O)        0.097    14.754 r  design_1_i/conv_core_ip_0/U0/u_conv_core_ip_dut_inst/u_conv_core_ip_src_conv_core/u_Subsystem1/Delay2_out1[28]_i_1/O
                         net (fo=1, routed)           0.000    14.754    design_1_i/conv_core_ip_0/U0/u_conv_core_ip_dut_inst/u_conv_core_ip_src_conv_core/u_Subsystem1/Sum_of_Elements_out1[4]
    SLICE_X64Y22         FDRE                                         r  design_1_i/conv_core_ip_0/U0/u_conv_core_ip_dut_inst/u_conv_core_ip_src_conv_core/u_Subsystem1/Delay2_out1_reg[28]/D
  -------------------------------------------------------------------    -------------------

                         (clock clk_fpga_0 rise edge)
                                                     20.000    20.000 r  
    PS7_X0Y0             PS7                          0.000    20.000 r  design_1_i/processing_system7_0/inst/PS7_i/FCLKCLK[0]
                         net (fo=1, routed)           0.786    20.786    design_1_i/processing_system7_0/inst/FCLK_CLK_unbuffered[0]
    BUFGCTRL_X0Y16       BUFG (Prop_bufg_I_O)         0.072    20.858 r  design_1_i/processing_system7_0/inst/buffer_fclk_clk_0.FCLK_CLK_0_BUFG/O
                         net (fo=15086, routed)       1.170    22.028    design_1_i/conv_core_ip_0/U0/u_conv_core_ip_dut_inst/u_conv_core_ip_src_conv_core/u_Subsystem1/IPCORE_CLK
    SLICE_X64Y22         FDRE                                         r  design_1_i/conv_core_ip_0/U0/u_conv_core_ip_dut_inst/u_conv_core_ip_src_conv_core/u_Subsystem1/Delay2_out1_reg[28]/C
                         clock pessimism              0.171    22.199    
                         clock uncertainty           -0.302    21.897    
    SLICE_X64Y22         FDRE (Setup_fdre_C_D)        0.033    21.930    design_1_i/conv_core_ip_0/U0/u_conv_core_ip_dut_inst/u_conv_core_ip_src_conv_core/u_Subsystem1/Delay2_out1_reg[28]
  -------------------------------------------------------------------
                         required time                         21.930    
                         arrival time                         -14.754    
  -------------------------------------------------------------------
                         slack                                  7.176    

Slack (MET) :             7.234ns  (required time - arrival time)
  Source:                 design_1_i/conv_core_ip_0/U0/u_conv_core_ip_dut_inst/u_conv_core_ip_src_conv_core/u_Subsystem1/Delay1_out1_reg[0][13]/C
                            (rising edge-triggered cell FDRE clocked by clk_fpga_0  {rise@0.000ns fall@10.000ns period=20.000ns})
  Destination:            design_1_i/conv_core_ip_0/U0/u_conv_core_ip_dut_inst/u_conv_core_ip_src_conv_core/u_Subsystem1/Delay2_out1_reg[25]/D
                            (rising edge-triggered cell FDRE clocked by clk_fpga_0  {rise@0.000ns fall@10.000ns period=20.000ns})
  Path Group:             clk_fpga_0
  Path Type:              Setup (Max at Slow Process Corner)
  Requirement:            20.000ns  (clk_fpga_0 rise@20.000ns - clk_fpga_0 rise@0.000ns)
  Data Path Delay:        12.447ns  (logic 7.030ns (56.481%)  route 5.417ns (43.519%))
  Logic Levels:           28  (CARRY4=18 LUT2=6 LUT4=1 LUT5=1 LUT6=2)
  Clock Path Skew:        -0.047ns (DCD - SCD + CPR)
    Destination Clock Delay (DCD):    2.028ns = ( 22.028 - 20.000 ) 
    Source Clock Delay      (SCD):    2.246ns
    Clock Pessimism Removal (CPR):    0.171ns
  Clock Uncertainty:      0.302ns  ((TSJ^2 + TIJ^2)^1/2 + DJ) / 2 + PE
    Total System Jitter     (TSJ):    0.071ns
    Total Input Jitter      (TIJ):    0.600ns
    Discrete Jitter          (DJ):    0.000ns
    Phase Error              (PE):    0.000ns

    Location             Delay type                Incr(ns)  Path(ns)    Netlist Resource(s)
  -------------------------------------------------------------------    -------------------
                         (clock clk_fpga_0 rise edge)
                                                      0.000     0.000 r  
    PS7_X0Y0             PS7                          0.000     0.000 r  design_1_i/processing_system7_0/inst/PS7_i/FCLKCLK[0]
                         net (fo=1, routed)           0.863     0.863    design_1_i/processing_system7_0/inst/FCLK_CLK_unbuffered[0]
    BUFGCTRL_X0Y16       BUFG (Prop_bufg_I_O)         0.079     0.942 r  design_1_i/processing_system7_0/inst/buffer_fclk_clk_0.FCLK_CLK_0_BUFG/O
                         net (fo=15086, routed)       1.304     2.246    design_1_i/conv_core_ip_0/U0/u_conv_core_ip_dut_inst/u_conv_core_ip_src_conv_core/u_Subsystem1/IPCORE_CLK
    SLICE_X57Y23         FDRE                                         r  design_1_i/conv_core_ip_0/U0/u_conv_core_ip_dut_inst/u_conv_core_ip_src_conv_core/u_Subsystem1/Delay1_out1_reg[0][13]/C
  -------------------------------------------------------------------    -------------------
    SLICE_X57Y23         FDRE (Prop_fdre_C_Q)         0.341     2.587 r  design_1_i/conv_core_ip_0/U0/u_conv_core_ip_dut_inst/u_conv_core_ip_src_conv_core/u_Subsystem1/Delay1_out1_reg[0][13]/Q
                         net (fo=4, routed)           0.628     3.215    design_1_i/conv_core_ip_0/U0/u_conv_core_ip_dut_inst/u_conv_core_ip_src_conv_core/u_Subsystem1/Delay1_out1_reg_n_0_[0][13]
    SLICE_X52Y23         LUT2 (Prop_lut2_I0_O)        0.097     3.312 r  design_1_i/conv_core_ip_0/U0/u_conv_core_ip_dut_inst/u_conv_core_ip_src_conv_core/u_Subsystem1/Sum_of_Elements_stage2_add_temp_carry_i_3/O
                         net (fo=1, routed)           0.000     3.312    design_1_i/conv_core_ip_0/U0/u_conv_core_ip_dut_inst/u_conv_core_ip_src_conv_core/u_Subsystem1/Sum_of_Elements_stage2_add_temp_carry_i_3_n_0
    SLICE_X52Y23         CARRY4 (Prop_carry4_S[1]_CO[3])
                                                      0.412     3.724 r  design_1_i/conv_core_ip_0/U0/u_conv_core_ip_dut_inst/u_conv_core_ip_src_conv_core/u_Subsystem1/Sum_of_Elements_stage2_add_temp_carry/CO[3]
                         net (fo=1, routed)           0.000     3.724    design_1_i/conv_core_ip_0/U0/u_conv_core_ip_dut_inst/u_conv_core_ip_src_conv_core/u_Subsystem1/Sum_of_Elements_stage2_add_temp_carry_n_0
    SLICE_X52Y24         CARRY4 (Prop_carry4_CI_O[0])
                                                      0.159     3.883 r  design_1_i/conv_core_ip_0/U0/u_conv_core_ip_dut_inst/u_conv_core_ip_src_conv_core/u_Subsystem1/Sum_of_Elements_stage2_add_temp_carry__0/O[0]
                         net (fo=2, routed)           0.442     4.325    design_1_i/conv_core_ip_0/U0/u_conv_core_ip_dut_inst/u_conv_core_ip_src_conv_core/u_Subsystem1/Sum_of_Elements_stage2_add_temp_carry__0_n_7
    SLICE_X53Y24         LUT2 (Prop_lut2_I0_O)        0.224     4.549 r  design_1_i/conv_core_ip_0/U0/u_conv_core_ip_dut_inst/u_conv_core_ip_src_conv_core/u_Subsystem1/Sum_of_Elements_stage3_add_temp_carry__0_i_3/O
                         net (fo=1, routed)           0.000     4.549    design_1_i/conv_core_ip_0/U0/u_conv_core_ip_dut_inst/u_conv_core_ip_src_conv_core/u_Subsystem1/Sum_of_Elements_stage3_add_temp_carry__0_i_3_n_0
    SLICE_X53Y24         CARRY4 (Prop_carry4_S[1]_CO[3])
                                                      0.412     4.961 r  design_1_i/conv_core_ip_0/U0/u_conv_core_ip_dut_inst/u_conv_core_ip_src_conv_core/u_Subsystem1/Sum_of_Elements_stage3_add_temp_carry__0/CO[3]
                         net (fo=1, routed)           0.007     4.968    design_1_i/conv_core_ip_0/U0/u_conv_core_ip_dut_inst/u_conv_core_ip_src_conv_core/u_Subsystem1/Sum_of_Elements_stage3_add_temp_carry__0_n_0
    SLICE_X53Y25         CARRY4 (Prop_carry4_CI_O[0])
                                                      0.159     5.127 r  design_1_i/conv_core_ip_0/U0/u_conv_core_ip_dut_inst/u_conv_core_ip_src_conv_core/u_Subsystem1/Sum_of_Elements_stage3_add_temp_carry__1/O[0]
                         net (fo=2, routed)           0.429     5.557    design_1_i/conv_core_ip_0/U0/u_conv_core_ip_dut_inst/u_conv_core_ip_src_conv_core/u_Subsystem1/Sum_of_Elements_stage3_add_temp_carry__1_n_7
    SLICE_X54Y24         LUT2 (Prop_lut2_I0_O)        0.224     5.781 r  design_1_i/conv_core_ip_0/U0/u_conv_core_ip_dut_inst/u_conv_core_ip_src_conv_core/u_Subsystem1/Sum_of_Elements_stage6_add_temp_carry__0_i_6/O
                         net (fo=1, routed)           0.000     5.781    design_1_i/conv_core_ip_0/U0/u_conv_core_ip_dut_inst/u_conv_core_ip_src_conv_core/u_Subsystem1/Sum_of_Elements_stage6_add_temp_carry__0_i_6_n_0
    SLICE_X54Y24         CARRY4 (Prop_carry4_S[3]_CO[3])
                                                      0.284     6.065 r  design_1_i/conv_core_ip_0/U0/u_conv_core_ip_dut_inst/u_conv_core_ip_src_conv_core/u_Subsystem1/Sum_of_Elements_stage6_add_temp_carry__0_i_1/CO[3]
                         net (fo=1, routed)           0.007     6.072    design_1_i/conv_core_ip_0/U0/u_conv_core_ip_dut_inst/u_conv_core_ip_src_conv_core/u_Subsystem1/Sum_of_Elements_stage6_add_temp_carry__0_i_1_n_0
    SLICE_X54Y25         CARRY4 (Prop_carry4_CI_O[1])
                                                      0.223     6.295 r  design_1_i/conv_core_ip_0/U0/u_conv_core_ip_dut_inst/u_conv_core_ip_src_conv_core/u_Subsystem1/Sum_of_Elements_stage6_add_temp_carry__1_i_1/O[1]
                         net (fo=3, routed)           0.465     6.760    design_1_i/conv_core_ip_0/U0/u_conv_core_ip_dut_inst/u_conv_core_ip_src_conv_core/u_Subsystem1/Sum_of_Elements_stage6_add_temp_carry__1_i_1_n_6
    SLICE_X56Y24         LUT2 (Prop_lut2_I1_O)        0.216     6.976 r  design_1_i/conv_core_ip_0/U0/u_conv_core_ip_dut_inst/u_conv_core_ip_src_conv_core/u_Subsystem1/Sum_of_Elements_stage6_add_temp_carry__1_i_4/O
                         net (fo=1, routed)           0.000     6.976    design_1_i/conv_core_ip_0/U0/u_conv_core_ip_dut_inst/u_conv_core_ip_src_conv_core/u_Subsystem1/Sum_of_Elements_stage6_add_temp_carry__1_i_4_n_0
    SLICE_X56Y24         CARRY4 (Prop_carry4_S[1]_O[3])
                                                      0.477     7.453 r  design_1_i/conv_core_ip_0/U0/u_conv_core_ip_dut_inst/u_conv_core_ip_src_conv_core/u_Subsystem1/Sum_of_Elements_stage6_add_temp_carry__1/O[3]
                         net (fo=3, routed)           0.415     7.868    design_1_i/conv_core_ip_0/U0/u_conv_core_ip_dut_inst/u_conv_core_ip_src_conv_core/u_Subsystem1/Sum_of_Elements_op_stage4[24]
    SLICE_X59Y24         LUT2 (Prop_lut2_I1_O)        0.234     8.102 r  design_1_i/conv_core_ip_0/U0/u_conv_core_ip_dut_inst/u_conv_core_ip_src_conv_core/u_Subsystem1/Sum_of_Elements_stage6_add_temp__38_carry__1_i_2/O
                         net (fo=1, routed)           0.000     8.102    design_1_i/conv_core_ip_0/U0/u_conv_core_ip_dut_inst/u_conv_core_ip_src_conv_core/u_Subsystem1/Sum_of_Elements_stage6_add_temp__38_carry__1_i_2_n_0
    SLICE_X59Y24         CARRY4 (Prop_carry4_S[3]_CO[3])
                                                      0.299     8.401 r  design_1_i/conv_core_ip_0/U0/u_conv_core_ip_dut_inst/u_conv_core_ip_src_conv_core/u_Subsystem1/Sum_of_Elements_stage6_add_temp__38_carry__1/CO[3]
                         net (fo=1, routed)           0.007     8.409    design_1_i/conv_core_ip_0/U0/u_conv_core_ip_dut_inst/u_conv_core_ip_src_conv_core/u_Subsystem1/Sum_of_Elements_stage6_add_temp__38_carry__1_n_0
    SLICE_X59Y25         CARRY4 (Prop_carry4_CI_O[1])
                                                      0.230     8.639 r  design_1_i/conv_core_ip_0/U0/u_conv_core_ip_dut_inst/u_conv_core_ip_src_conv_core/u_Subsystem1/Sum_of_Elements_stage6_add_temp__38_carry__2/O[1]
                         net (fo=3, routed)           0.331     8.969    design_1_i/conv_core_ip_0/U0/u_conv_core_ip_dut_inst/u_conv_core_ip_src_conv_core/u_Subsystem1/Sum_of_Elements_stage6_add_temp__38_carry__2_n_6
    SLICE_X58Y24         LUT2 (Prop_lut2_I0_O)        0.225     9.194 r  design_1_i/conv_core_ip_0/U0/u_conv_core_ip_dut_inst/u_conv_core_ip_src_conv_core/u_Subsystem1/Sum_of_Elements_stage7_add_temp_carry__2_i_1/O
                         net (fo=1, routed)           0.000     9.194    design_1_i/conv_core_ip_0/U0/u_conv_core_ip_dut_inst/u_conv_core_ip_src_conv_core/u_Subsystem1/Sum_of_Elements_stage7_add_temp_carry__2_i_1_n_0
    SLICE_X58Y24         CARRY4 (Prop_carry4_S[3]_CO[3])
                                                      0.284     9.478 r  design_1_i/conv_core_ip_0/U0/u_conv_core_ip_dut_inst/u_conv_core_ip_src_conv_core/u_Subsystem1/Sum_of_Elements_stage7_add_temp_carry__2/CO[3]
                         net (fo=1, routed)           0.007     9.486    design_1_i/conv_core_ip_0/U0/u_conv_core_ip_dut_inst/u_conv_core_ip_src_conv_core/u_Subsystem1/Sum_of_Elements_stage7_add_temp_carry__2_n_0
    SLICE_X58Y25         CARRY4 (Prop_carry4_CI_CO[0])
                                                      0.184     9.670 r  design_1_i/conv_core_ip_0/U0/u_conv_core_ip_dut_inst/u_conv_core_ip_src_conv_core/u_Subsystem1/Sum_of_Elements_stage8_add_temp_carry__2_i_1/CO[0]
                         net (fo=33, routed)          0.408    10.078    design_1_i/conv_core_ip_0/U0/u_conv_core_ip_dut_inst/u_conv_core_ip_src_conv_core/u_Subsystem1/Sum_of_Elements_stage8_add_temp_carry__2_i_1_n_3
    SLICE_X61Y21         LUT5 (Prop_lut5_I4_O)        0.262    10.340 r  design_1_i/conv_core_ip_0/U0/u_conv_core_ip_dut_inst/u_conv_core_ip_src_conv_core/u_Subsystem1/Sum_of_Elements_stage8_add_temp_carry_i_4/O
                         net (fo=1, routed)           0.422    10.763    design_1_i/conv_core_ip_0/U0/u_conv_core_ip_dut_inst/u_conv_core_ip_src_conv_core/u_Subsystem1/Sum_of_Elements_stage8_add_temp_carry_i_4_n_0
    SLICE_X60Y21         CARRY4 (Prop_carry4_DI[1]_CO[3])
                                                      0.374    11.137 r  design_1_i/conv_core_ip_0/U0/u_conv_core_ip_dut_inst/u_conv_core_ip_src_conv_core/u_Subsystem1/Sum_of_Elements_stage8_add_temp_carry/CO[3]
                         net (fo=1, routed)           0.000    11.137    design_1_i/conv_core_ip_0/U0/u_conv_core_ip_dut_inst/u_conv_core_ip_src_conv_core/u_Subsystem1/Sum_of_Elements_stage8_add_temp_carry_n_0
    SLICE_X60Y22         CARRY4 (Prop_carry4_CI_CO[3])
                                                      0.089    11.226 r  design_1_i/conv_core_ip_0/U0/u_conv_core_ip_dut_inst/u_conv_core_ip_src_conv_core/u_Subsystem1/Sum_of_Elements_stage8_add_temp_carry__0/CO[3]
                         net (fo=1, routed)           0.000    11.226    design_1_i/conv_core_ip_0/U0/u_conv_core_ip_dut_inst/u_conv_core_ip_src_conv_core/u_Subsystem1/Sum_of_Elements_stage8_add_temp_carry__0_n_0
    SLICE_X60Y23         CARRY4 (Prop_carry4_CI_CO[3])
                                                      0.089    11.315 r  design_1_i/conv_core_ip_0/U0/u_conv_core_ip_dut_inst/u_conv_core_ip_src_conv_core/u_Subsystem1/Sum_of_Elements_stage8_add_temp_carry__1/CO[3]
                         net (fo=1, routed)           0.000    11.315    design_1_i/conv_core_ip_0/U0/u_conv_core_ip_dut_inst/u_conv_core_ip_src_conv_core/u_Subsystem1/Sum_of_Elements_stage8_add_temp_carry__1_n_0
    SLICE_X60Y24         CARRY4 (Prop_carry4_CI_CO[3])
                                                      0.089    11.404 r  design_1_i/conv_core_ip_0/U0/u_conv_core_ip_dut_inst/u_conv_core_ip_src_conv_core/u_Subsystem1/Sum_of_Elements_stage8_add_temp_carry__2/CO[3]
                         net (fo=1, routed)           0.007    11.411    design_1_i/conv_core_ip_0/U0/u_conv_core_ip_dut_inst/u_conv_core_ip_src_conv_core/u_Subsystem1/Sum_of_Elements_stage8_add_temp_carry__2_n_0
    SLICE_X60Y25         CARRY4 (Prop_carry4_CI_CO[0])
                                                      0.187    11.598 r  design_1_i/conv_core_ip_0/U0/u_conv_core_ip_dut_inst/u_conv_core_ip_src_conv_core/u_Subsystem1/Sum_of_Elements_stage9_add_temp_carry__2_i_1/CO[0]
                         net (fo=22, routed)          0.668    12.266    design_1_i/conv_core_ip_0/U0/u_conv_core_ip_dut_inst/u_conv_core_ip_src_conv_core/u_Subsystem1/Sum_of_Elements_stage9_add_temp_carry__2_i_1_n_3
    SLICE_X63Y21         LUT4 (Prop_lut4_I0_O)        0.279    12.545 r  design_1_i/conv_core_ip_0/U0/u_conv_core_ip_dut_inst/u_conv_core_ip_src_conv_core/u_Subsystem1/Sum_of_Elements_stage9_add_temp_carry__0_i_3/O
                         net (fo=1, routed)           0.000    12.545    design_1_i/conv_core_ip_0/U0/u_conv_core_ip_dut_inst/u_conv_core_ip_src_conv_core/u_Subsystem1/Sum_of_Elements_stage9_add_temp_carry__0_i_3_n_0
    SLICE_X63Y21         CARRY4 (Prop_carry4_S[1]_CO[3])
                                                      0.412    12.957 r  design_1_i/conv_core_ip_0/U0/u_conv_core_ip_dut_inst/u_conv_core_ip_src_conv_core/u_Subsystem1/Sum_of_Elements_stage9_add_temp_carry__0/CO[3]
                         net (fo=1, routed)           0.000    12.957    design_1_i/conv_core_ip_0/U0/u_conv_core_ip_dut_inst/u_conv_core_ip_src_conv_core/u_Subsystem1/Sum_of_Elements_stage9_add_temp_carry__0_n_0
    SLICE_X63Y22         CARRY4 (Prop_carry4_CI_O[3])
                                                      0.234    13.191 r  design_1_i/conv_core_ip_0/U0/u_conv_core_ip_dut_inst/u_conv_core_ip_src_conv_core/u_Subsystem1/Sum_of_Elements_stage9_add_temp_carry__1/O[3]
                         net (fo=1, routed)           0.718    13.909    design_1_i/conv_core_ip_0/U0/u_conv_core_ip_dut_inst/u_conv_core_ip_src_conv_core/u_Subsystem1/Sum_of_Elements_stage9_add_temp_carry__1_n_4
    SLICE_X62Y22         LUT6 (Prop_lut6_I0_O)        0.234    14.143 r  design_1_i/conv_core_ip_0/U0/u_conv_core_ip_dut_inst/u_conv_core_ip_src_conv_core/u_Subsystem1/Delay2_out1[31]_i_3/O
                         net (fo=8, routed)           0.453    14.596    design_1_i/conv_core_ip_0/U0/u_conv_core_ip_dut_inst/u_conv_core_ip_src_conv_core/u_Subsystem1/Delay2_out1[31]_i_3_n_0
    SLICE_X64Y22         LUT6 (Prop_lut6_I3_O)        0.097    14.693 r  design_1_i/conv_core_ip_0/U0/u_conv_core_ip_dut_inst/u_conv_core_ip_src_conv_core/u_Subsystem1/Delay2_out1[25]_i_1/O
                         net (fo=1, routed)           0.000    14.693    design_1_i/conv_core_ip_0/U0/u_conv_core_ip_dut_inst/u_conv_core_ip_src_conv_core/u_Subsystem1/Sum_of_Elements_out1[1]
    SLICE_X64Y22         FDRE                                         r  design_1_i/conv_core_ip_0/U0/u_conv_core_ip_dut_inst/u_conv_core_ip_src_conv_core/u_Subsystem1/Delay2_out1_reg[25]/D
  -------------------------------------------------------------------    -------------------

                         (clock clk_fpga_0 rise edge)
                                                     20.000    20.000 r  
    PS7_X0Y0             PS7                          0.000    20.000 r  design_1_i/processing_system7_0/inst/PS7_i/FCLKCLK[0]
                         net (fo=1, routed)           0.786    20.786    design_1_i/processing_system7_0/inst/FCLK_CLK_unbuffered[0]
    BUFGCTRL_X0Y16       BUFG (Prop_bufg_I_O)         0.072    20.858 r  design_1_i/processing_system7_0/inst/buffer_fclk_clk_0.FCLK_CLK_0_BUFG/O
                         net (fo=15086, routed)       1.170    22.028    design_1_i/conv_core_ip_0/U0/u_conv_core_ip_dut_inst/u_conv_core_ip_src_conv_core/u_Subsystem1/IPCORE_CLK
    SLICE_X64Y22         FDRE                                         r  design_1_i/conv_core_ip_0/U0/u_conv_core_ip_dut_inst/u_conv_core_ip_src_conv_core/u_Subsystem1/Delay2_out1_reg[25]/C
                         clock pessimism              0.171    22.199    
                         clock uncertainty           -0.302    21.897    
    SLICE_X64Y22         FDRE (Setup_fdre_C_D)        0.030    21.927    design_1_i/conv_core_ip_0/U0/u_conv_core_ip_dut_inst/u_conv_core_ip_src_conv_core/u_Subsystem1/Delay2_out1_reg[25]
  -------------------------------------------------------------------
                         required time                         21.927    
                         arrival time                         -14.693    
  -------------------------------------------------------------------
                         slack                                  7.234    

Slack (MET) :             7.303ns  (required time - arrival time)
  Source:                 design_1_i/conv_core_ip_0/U0/u_conv_core_ip_dut_inst/u_conv_core_ip_src_conv_core/u_Subsystem1/Delay1_out1_reg[0][13]/C
                            (rising edge-triggered cell FDRE clocked by clk_fpga_0  {rise@0.000ns fall@10.000ns period=20.000ns})
  Destination:            design_1_i/conv_core_ip_0/U0/u_conv_core_ip_dut_inst/u_conv_core_ip_src_conv_core/u_Subsystem1/Delay2_out1_reg[26]/D
                            (rising edge-triggered cell FDRE clocked by clk_fpga_0  {rise@0.000ns fall@10.000ns period=20.000ns})
  Path Group:             clk_fpga_0
  Path Type:              Setup (Max at Slow Process Corner)
  Requirement:            20.000ns  (clk_fpga_0 rise@20.000ns - clk_fpga_0 rise@0.000ns)
  Data Path Delay:        12.380ns  (logic 7.030ns (56.784%)  route 5.350ns (43.216%))
  Logic Levels:           28  (CARRY4=18 LUT2=6 LUT4=1 LUT5=1 LUT6=2)
  Clock Path Skew:        -0.047ns (DCD - SCD + CPR)
    Destination Clock Delay (DCD):    2.028ns = ( 22.028 - 20.000 ) 
    Source Clock Delay      (SCD):    2.246ns
    Clock Pessimism Removal (CPR):    0.171ns
  Clock Uncertainty:      0.302ns  ((TSJ^2 + TIJ^2)^1/2 + DJ) / 2 + PE
    Total System Jitter     (TSJ):    0.071ns
    Total Input Jitter      (TIJ):    0.600ns
    Discrete Jitter          (DJ):    0.000ns
    Phase Error              (PE):    0.000ns

    Location             Delay type                Incr(ns)  Path(ns)    Netlist Resource(s)
  -------------------------------------------------------------------    -------------------
                         (clock clk_fpga_0 rise edge)
                                                      0.000     0.000 r  
    PS7_X0Y0             PS7                          0.000     0.000 r  design_1_i/processing_system7_0/inst/PS7_i/FCLKCLK[0]
                         net (fo=1, routed)           0.863     0.863    design_1_i/processing_system7_0/inst/FCLK_CLK_unbuffered[0]
    BUFGCTRL_X0Y16       BUFG (Prop_bufg_I_O)         0.079     0.942 r  design_1_i/processing_system7_0/inst/buffer_fclk_clk_0.FCLK_CLK_0_BUFG/O
                         net (fo=15086, routed)       1.304     2.246    design_1_i/conv_core_ip_0/U0/u_conv_core_ip_dut_inst/u_conv_core_ip_src_conv_core/u_Subsystem1/IPCORE_CLK
    SLICE_X57Y23         FDRE                                         r  design_1_i/conv_core_ip_0/U0/u_conv_core_ip_dut_inst/u_conv_core_ip_src_conv_core/u_Subsystem1/Delay1_out1_reg[0][13]/C
  -------------------------------------------------------------------    -------------------
    SLICE_X57Y23         FDRE (Prop_fdre_C_Q)         0.341     2.587 r  design_1_i/conv_core_ip_0/U0/u_conv_core_ip_dut_inst/u_conv_core_ip_src_conv_core/u_Subsystem1/Delay1_out1_reg[0][13]/Q
                         net (fo=4, routed)           0.628     3.215    design_1_i/conv_core_ip_0/U0/u_conv_core_ip_dut_inst/u_conv_core_ip_src_conv_core/u_Subsystem1/Delay1_out1_reg_n_0_[0][13]
    SLICE_X52Y23         LUT2 (Prop_lut2_I0_O)        0.097     3.312 r  design_1_i/conv_core_ip_0/U0/u_conv_core_ip_dut_inst/u_conv_core_ip_src_conv_core/u_Subsystem1/Sum_of_Elements_stage2_add_temp_carry_i_3/O
                         net (fo=1, routed)           0.000     3.312    design_1_i/conv_core_ip_0/U0/u_conv_core_ip_dut_inst/u_conv_core_ip_src_conv_core/u_Subsystem1/Sum_of_Elements_stage2_add_temp_carry_i_3_n_0
    SLICE_X52Y23         CARRY4 (Prop_carry4_S[1]_CO[3])
                                                      0.412     3.724 r  design_1_i/conv_core_ip_0/U0/u_conv_core_ip_dut_inst/u_conv_core_ip_src_conv_core/u_Subsystem1/Sum_of_Elements_stage2_add_temp_carry/CO[3]
                         net (fo=1, routed)           0.000     3.724    design_1_i/conv_core_ip_0/U0/u_conv_core_ip_dut_inst/u_conv_core_ip_src_conv_core/u_Subsystem1/Sum_of_Elements_stage2_add_temp_carry_n_0
    SLICE_X52Y24         CARRY4 (Prop_carry4_CI_O[0])
                                                      0.159     3.883 r  design_1_i/conv_core_ip_0/U0/u_conv_core_ip_dut_inst/u_conv_core_ip_src_conv_core/u_Subsystem1/Sum_of_Elements_stage2_add_temp_carry__0/O[0]
                         net (fo=2, routed)           0.442     4.325    design_1_i/conv_core_ip_0/U0/u_conv_core_ip_dut_inst/u_conv_core_ip_src_conv_core/u_Subsystem1/Sum_of_Elements_stage2_add_temp_carry__0_n_7
    SLICE_X53Y24         LUT2 (Prop_lut2_I0_O)        0.224     4.549 r  design_1_i/conv_core_ip_0/U0/u_conv_core_ip_dut_inst/u_conv_core_ip_src_conv_core/u_Subsystem1/Sum_of_Elements_stage3_add_temp_carry__0_i_3/O
                         net (fo=1, routed)           0.000     4.549    design_1_i/conv_core_ip_0/U0/u_conv_core_ip_dut_inst/u_conv_core_ip_src_conv_core/u_Subsystem1/Sum_of_Elements_stage3_add_temp_carry__0_i_3_n_0
    SLICE_X53Y24         CARRY4 (Prop_carry4_S[1]_CO[3])
                                                      0.412     4.961 r  design_1_i/conv_core_ip_0/U0/u_conv_core_ip_dut_inst/u_conv_core_ip_src_conv_core/u_Subsystem1/Sum_of_Elements_stage3_add_temp_carry__0/CO[3]
                         net (fo=1, routed)           0.007     4.968    design_1_i/conv_core_ip_0/U0/u_conv_core_ip_dut_inst/u_conv_core_ip_src_conv_core/u_Subsystem1/Sum_of_Elements_stage3_add_temp_carry__0_n_0
    SLICE_X53Y25         CARRY4 (Prop_carry4_CI_O[0])
                                                      0.159     5.127 r  design_1_i/conv_core_ip_0/U0/u_conv_core_ip_dut_inst/u_conv_core_ip_src_conv_core/u_Subsystem1/Sum_of_Elements_stage3_add_temp_carry__1/O[0]
                         net (fo=2, routed)           0.429     5.557    design_1_i/conv_core_ip_0/U0/u_conv_core_ip_dut_inst/u_conv_core_ip_src_conv_core/u_Subsystem1/Sum_of_Elements_stage3_add_temp_carry__1_n_7
    SLICE_X54Y24         LUT2 (Prop_lut2_I0_O)        0.224     5.781 r  design_1_i/conv_core_ip_0/U0/u_conv_core_ip_dut_inst/u_conv_core_ip_src_conv_core/u_Subsystem1/Sum_of_Elements_stage6_add_temp_carry__0_i_6/O
                         net (fo=1, routed)           0.000     5.781    design_1_i/conv_core_ip_0/U0/u_conv_core_ip_dut_inst/u_conv_core_ip_src_conv_core/u_Subsystem1/Sum_of_Elements_stage6_add_temp_carry__0_i_6_n_0
    SLICE_X54Y24         CARRY4 (Prop_carry4_S[3]_CO[3])
                                                      0.284     6.065 r  design_1_i/conv_core_ip_0/U0/u_conv_core_ip_dut_inst/u_conv_core_ip_src_conv_core/u_Subsystem1/Sum_of_Elements_stage6_add_temp_carry__0_i_1/CO[3]
                         net (fo=1, routed)           0.007     6.072    design_1_i/conv_core_ip_0/U0/u_conv_core_ip_dut_inst/u_conv_core_ip_src_conv_core/u_Subsystem1/Sum_of_Elements_stage6_add_temp_carry__0_i_1_n_0
    SLICE_X54Y25         CARRY4 (Prop_carry4_CI_O[1])
                                                      0.223     6.295 r  design_1_i/conv_core_ip_0/U0/u_conv_core_ip_dut_inst/u_conv_core_ip_src_conv_core/u_Subsystem1/Sum_of_Elements_stage6_add_temp_carry__1_i_1/O[1]
                         net (fo=3, routed)           0.465     6.760    design_1_i/conv_core_ip_0/U0/u_conv_core_ip_dut_inst/u_conv_core_ip_src_conv_core/u_Subsystem1/Sum_of_Elements_stage6_add_temp_carry__1_i_1_n_6
    SLICE_X56Y24         LUT2 (Prop_lut2_I1_O)        0.216     6.976 r  design_1_i/conv_core_ip_0/U0/u_conv_core_ip_dut_inst/u_conv_core_ip_src_conv_core/u_Subsystem1/Sum_of_Elements_stage6_add_temp_carry__1_i_4/O
                         net (fo=1, routed)           0.000     6.976    design_1_i/conv_core_ip_0/U0/u_conv_core_ip_dut_inst/u_conv_core_ip_src_conv_core/u_Subsystem1/Sum_of_Elements_stage6_add_temp_carry__1_i_4_n_0
    SLICE_X56Y24         CARRY4 (Prop_carry4_S[1]_O[3])
                                                      0.477     7.453 r  design_1_i/conv_core_ip_0/U0/u_conv_core_ip_dut_inst/u_conv_core_ip_src_conv_core/u_Subsystem1/Sum_of_Elements_stage6_add_temp_carry__1/O[3]
                         net (fo=3, routed)           0.415     7.868    design_1_i/conv_core_ip_0/U0/u_conv_core_ip_dut_inst/u_conv_core_ip_src_conv_core/u_Subsystem1/Sum_of_Elements_op_stage4[24]
    SLICE_X59Y24         LUT2 (Prop_lut2_I1_O)        0.234     8.102 r  design_1_i/conv_core_ip_0/U0/u_conv_core_ip_dut_inst/u_conv_core_ip_src_conv_core/u_Subsystem1/Sum_of_Elements_stage6_add_temp__38_carry__1_i_2/O
                         net (fo=1, routed)           0.000     8.102    design_1_i/conv_core_ip_0/U0/u_conv_core_ip_dut_inst/u_conv_core_ip_src_conv_core/u_Subsystem1/Sum_of_Elements_stage6_add_temp__38_carry__1_i_2_n_0
    SLICE_X59Y24         CARRY4 (Prop_carry4_S[3]_CO[3])
                                                      0.299     8.401 r  design_1_i/conv_core_ip_0/U0/u_conv_core_ip_dut_inst/u_conv_core_ip_src_conv_core/u_Subsystem1/Sum_of_Elements_stage6_add_temp__38_carry__1/CO[3]
                         net (fo=1, routed)           0.007     8.409    design_1_i/conv_core_ip_0/U0/u_conv_core_ip_dut_inst/u_conv_core_ip_src_conv_core/u_Subsystem1/Sum_of_Elements_stage6_add_temp__38_carry__1_n_0
    SLICE_X59Y25         CARRY4 (Prop_carry4_CI_O[1])
                                                      0.230     8.639 r  design_1_i/conv_core_ip_0/U0/u_conv_core_ip_dut_inst/u_conv_core_ip_src_conv_core/u_Subsystem1/Sum_of_Elements_stage6_add_temp__38_carry__2/O[1]
                         net (fo=3, routed)           0.331     8.969    design_1_i/conv_core_ip_0/U0/u_conv_core_ip_dut_inst/u_conv_core_ip_src_conv_core/u_Subsystem1/Sum_of_Elements_stage6_add_temp__38_carry__2_n_6
    SLICE_X58Y24         LUT2 (Prop_lut2_I0_O)        0.225     9.194 r  design_1_i/conv_core_ip_0/U0/u_conv_core_ip_dut_inst/u_conv_core_ip_src_conv_core/u_Subsystem1/Sum_of_Elements_stage7_add_temp_carry__2_i_1/O
                         net (fo=1, routed)           0.000     9.194    design_1_i/conv_core_ip_0/U0/u_conv_core_ip_dut_inst/u_conv_core_ip_src_conv_core/u_Subsystem1/Sum_of_Elements_stage7_add_temp_carry__2_i_1_n_0
    SLICE_X58Y24         CARRY4 (Prop_carry4_S[3]_CO[3])
                                                      0.284     9.478 r  design_1_i/conv_core_ip_0/U0/u_conv_core_ip_dut_inst/u_conv_core_ip_src_conv_core/u_Subsystem1/Sum_of_Elements_stage7_add_temp_carry__2/CO[3]
                         net (fo=1, routed)           0.007     9.486    design_1_i/conv_core_ip_0/U0/u_conv_core_ip_dut_inst/u_conv_core_ip_src_conv_core/u_Subsystem1/Sum_of_Elements_stage7_add_temp_carry__2_n_0
    SLICE_X58Y25         CARRY4 (Prop_carry4_CI_CO[0])
                                                      0.184     9.670 r  design_1_i/conv_core_ip_0/U0/u_conv_core_ip_dut_inst/u_conv_core_ip_src_conv_core/u_Subsystem1/Sum_of_Elements_stage8_add_temp_carry__2_i_1/CO[0]
                         net (fo=33, routed)          0.408    10.078    design_1_i/conv_core_ip_0/U0/u_conv_core_ip_dut_inst/u_conv_core_ip_src_conv_core/u_Subsystem1/Sum_of_Elements_stage8_add_temp_carry__2_i_1_n_3
    SLICE_X61Y21         LUT5 (Prop_lut5_I4_O)        0.262    10.340 r  design_1_i/conv_core_ip_0/U0/u_conv_core_ip_dut_inst/u_conv_core_ip_src_conv_core/u_Subsystem1/Sum_of_Elements_stage8_add_temp_carry_i_4/O
                         net (fo=1, routed)           0.422    10.763    design_1_i/conv_core_ip_0/U0/u_conv_core_ip_dut_inst/u_conv_core_ip_src_conv_core/u_Subsystem1/Sum_of_Elements_stage8_add_temp_carry_i_4_n_0
    SLICE_X60Y21         CARRY4 (Prop_carry4_DI[1]_CO[3])
                                                      0.374    11.137 r  design_1_i/conv_core_ip_0/U0/u_conv_core_ip_dut_inst/u_conv_core_ip_src_conv_core/u_Subsystem1/Sum_of_Elements_stage8_add_temp_carry/CO[3]
                         net (fo=1, routed)           0.000    11.137    design_1_i/conv_core_ip_0/U0/u_conv_core_ip_dut_inst/u_conv_core_ip_src_conv_core/u_Subsystem1/Sum_of_Elements_stage8_add_temp_carry_n_0
    SLICE_X60Y22         CARRY4 (Prop_carry4_CI_CO[3])
                                                      0.089    11.226 r  design_1_i/conv_core_ip_0/U0/u_conv_core_ip_dut_inst/u_conv_core_ip_src_conv_core/u_Subsystem1/Sum_of_Elements_stage8_add_temp_carry__0/CO[3]
                         net (fo=1, routed)           0.000    11.226    design_1_i/conv_core_ip_0/U0/u_conv_core_ip_dut_inst/u_conv_core_ip_src_conv_core/u_Subsystem1/Sum_of_Elements_stage8_add_temp_carry__0_n_0
    SLICE_X60Y23         CARRY4 (Prop_carry4_CI_CO[3])
                                                      0.089    11.315 r  design_1_i/conv_core_ip_0/U0/u_conv_core_ip_dut_inst/u_conv_core_ip_src_conv_core/u_Subsystem1/Sum_of_Elements_stage8_add_temp_carry__1/CO[3]
                         net (fo=1, routed)           0.000    11.315    design_1_i/conv_core_ip_0/U0/u_conv_core_ip_dut_inst/u_conv_core_ip_src_conv_core/u_Subsystem1/Sum_of_Elements_stage8_add_temp_carry__1_n_0
    SLICE_X60Y24         CARRY4 (Prop_carry4_CI_CO[3])
                                                      0.089    11.404 r  design_1_i/conv_core_ip_0/U0/u_conv_core_ip_dut_inst/u_conv_core_ip_src_conv_core/u_Subsystem1/Sum_of_Elements_stage8_add_temp_carry__2/CO[3]
                         net (fo=1, routed)           0.007    11.411    design_1_i/conv_core_ip_0/U0/u_conv_core_ip_dut_inst/u_conv_core_ip_src_conv_core/u_Subsystem1/Sum_of_Elements_stage8_add_temp_carry__2_n_0
    SLICE_X60Y25         CARRY4 (Prop_carry4_CI_CO[0])
                                                      0.187    11.598 r  design_1_i/conv_core_ip_0/U0/u_conv_core_ip_dut_inst/u_conv_core_ip_src_conv_core/u_Subsystem1/Sum_of_Elements_stage9_add_temp_carry__2_i_1/CO[0]
                         net (fo=22, routed)          0.668    12.266    design_1_i/conv_core_ip_0/U0/u_conv_core_ip_dut_inst/u_conv_core_ip_src_conv_core/u_Subsystem1/Sum_of_Elements_stage9_add_temp_carry__2_i_1_n_3
    SLICE_X63Y21         LUT4 (Prop_lut4_I0_O)        0.279    12.545 r  design_1_i/conv_core_ip_0/U0/u_conv_core_ip_dut_inst/u_conv_core_ip_src_conv_core/u_Subsystem1/Sum_of_Elements_stage9_add_temp_carry__0_i_3/O
                         net (fo=1, routed)           0.000    12.545    design_1_i/conv_core_ip_0/U0/u_conv_core_ip_dut_inst/u_conv_core_ip_src_conv_core/u_Subsystem1/Sum_of_Elements_stage9_add_temp_carry__0_i_3_n_0
    SLICE_X63Y21         CARRY4 (Prop_carry4_S[1]_CO[3])
                                                      0.412    12.957 r  design_1_i/conv_core_ip_0/U0/u_conv_core_ip_dut_inst/u_conv_core_ip_src_conv_core/u_Subsystem1/Sum_of_Elements_stage9_add_temp_carry__0/CO[3]
                         net (fo=1, routed)           0.000    12.957    design_1_i/conv_core_ip_0/U0/u_conv_core_ip_dut_inst/u_conv_core_ip_src_conv_core/u_Subsystem1/Sum_of_Elements_stage9_add_temp_carry__0_n_0
    SLICE_X63Y22         CARRY4 (Prop_carry4_CI_O[3])
                                                      0.234    13.191 r  design_1_i/conv_core_ip_0/U0/u_conv_core_ip_dut_inst/u_conv_core_ip_src_conv_core/u_Subsystem1/Sum_of_Elements_stage9_add_temp_carry__1/O[3]
                         net (fo=1, routed)           0.718    13.909    design_1_i/conv_core_ip_0/U0/u_conv_core_ip_dut_inst/u_conv_core_ip_src_conv_core/u_Subsystem1/Sum_of_Elements_stage9_add_temp_carry__1_n_4
    SLICE_X62Y22         LUT6 (Prop_lut6_I0_O)        0.234    14.143 r  design_1_i/conv_core_ip_0/U0/u_conv_core_ip_dut_inst/u_conv_core_ip_src_conv_core/u_Subsystem1/Delay2_out1[31]_i_3/O
                         net (fo=8, routed)           0.386    14.529    design_1_i/conv_core_ip_0/U0/u_conv_core_ip_dut_inst/u_conv_core_ip_src_conv_core/u_Subsystem1/Delay2_out1[31]_i_3_n_0
    SLICE_X64Y22         LUT6 (Prop_lut6_I3_O)        0.097    14.626 r  design_1_i/conv_core_ip_0/U0/u_conv_core_ip_dut_inst/u_conv_core_ip_src_conv_core/u_Subsystem1/Delay2_out1[26]_i_1/O
                         net (fo=1, routed)           0.000    14.626    design_1_i/conv_core_ip_0/U0/u_conv_core_ip_dut_inst/u_conv_core_ip_src_conv_core/u_Subsystem1/Sum_of_Elements_out1[2]
    SLICE_X64Y22         FDRE                                         r  design_1_i/conv_core_ip_0/U0/u_conv_core_ip_dut_inst/u_conv_core_ip_src_conv_core/u_Subsystem1/Delay2_out1_reg[26]/D
  -------------------------------------------------------------------    -------------------

                         (clock clk_fpga_0 rise edge)
                                                     20.000    20.000 r  
    PS7_X0Y0             PS7                          0.000    20.000 r  design_1_i/processing_system7_0/inst/PS7_i/FCLKCLK[0]
                         net (fo=1, routed)           0.786    20.786    design_1_i/processing_system7_0/inst/FCLK_CLK_unbuffered[0]
    BUFGCTRL_X0Y16       BUFG (Prop_bufg_I_O)         0.072    20.858 r  design_1_i/processing_system7_0/inst/buffer_fclk_clk_0.FCLK_CLK_0_BUFG/O
                         net (fo=15086, routed)       1.170    22.028    design_1_i/conv_core_ip_0/U0/u_conv_core_ip_dut_inst/u_conv_core_ip_src_conv_core/u_Subsystem1/IPCORE_CLK
    SLICE_X64Y22         FDRE                                         r  design_1_i/conv_core_ip_0/U0/u_conv_core_ip_dut_inst/u_conv_core_ip_src_conv_core/u_Subsystem1/Delay2_out1_reg[26]/C
                         clock pessimism              0.171    22.199    
                         clock uncertainty           -0.302    21.897    
    SLICE_X64Y22         FDRE (Setup_fdre_C_D)        0.032    21.929    design_1_i/conv_core_ip_0/U0/u_conv_core_ip_dut_inst/u_conv_core_ip_src_conv_core/u_Subsystem1/Delay2_out1_reg[26]
  -------------------------------------------------------------------
                         required time                         21.929    
                         arrival time                         -14.626    
  -------------------------------------------------------------------
                         slack                                  7.303    

Slack (MET) :             7.336ns  (required time - arrival time)
  Source:                 design_1_i/conv_core_ip_0/U0/u_conv_core_ip_dut_inst/u_conv_core_ip_src_conv_core/u_Subsystem1/Delay1_out1_reg[0][13]/C
                            (rising edge-triggered cell FDRE clocked by clk_fpga_0  {rise@0.000ns fall@10.000ns period=20.000ns})
  Destination:            design_1_i/conv_core_ip_0/U0/u_conv_core_ip_dut_inst/u_conv_core_ip_src_conv_core/u_Subsystem1/Delay2_out1_reg[27]/D
                            (rising edge-triggered cell FDRE clocked by clk_fpga_0  {rise@0.000ns fall@10.000ns period=20.000ns})
  Path Group:             clk_fpga_0
  Path Type:              Setup (Max at Slow Process Corner)
  Requirement:            20.000ns  (clk_fpga_0 rise@20.000ns - clk_fpga_0 rise@0.000ns)
  Data Path Delay:        12.347ns  (logic 7.030ns (56.938%)  route 5.317ns (43.062%))
  Logic Levels:           28  (CARRY4=18 LUT2=6 LUT4=1 LUT5=1 LUT6=2)
  Clock Path Skew:        -0.047ns (DCD - SCD + CPR)
    Destination Clock Delay (DCD):    2.028ns = ( 22.028 - 20.000 ) 
    Source Clock Delay      (SCD):    2.246ns
    Clock Pessimism Removal (CPR):    0.171ns
  Clock Uncertainty:      0.302ns  ((TSJ^2 + TIJ^2)^1/2 + DJ) / 2 + PE
    Total System Jitter     (TSJ):    0.071ns
    Total Input Jitter      (TIJ):    0.600ns
    Discrete Jitter          (DJ):    0.000ns
    Phase Error              (PE):    0.000ns

    Location             Delay type                Incr(ns)  Path(ns)    Netlist Resource(s)
  -------------------------------------------------------------------    -------------------
                         (clock clk_fpga_0 rise edge)
                                                      0.000     0.000 r  
    PS7_X0Y0             PS7                          0.000     0.000 r  design_1_i/processing_system7_0/inst/PS7_i/FCLKCLK[0]
                         net (fo=1, routed)           0.863     0.863    design_1_i/processing_system7_0/inst/FCLK_CLK_unbuffered[0]
    BUFGCTRL_X0Y16       BUFG (Prop_bufg_I_O)         0.079     0.942 r  design_1_i/processing_system7_0/inst/buffer_fclk_clk_0.FCLK_CLK_0_BUFG/O
                         net (fo=15086, routed)       1.304     2.246    design_1_i/conv_core_ip_0/U0/u_conv_core_ip_dut_inst/u_conv_core_ip_src_conv_core/u_Subsystem1/IPCORE_CLK
    SLICE_X57Y23         FDRE                                         r  design_1_i/conv_core_ip_0/U0/u_conv_core_ip_dut_inst/u_conv_core_ip_src_conv_core/u_Subsystem1/Delay1_out1_reg[0][13]/C
  -------------------------------------------------------------------    -------------------
    SLICE_X57Y23         FDRE (Prop_fdre_C_Q)         0.341     2.587 r  design_1_i/conv_core_ip_0/U0/u_conv_core_ip_dut_inst/u_conv_core_ip_src_conv_core/u_Subsystem1/Delay1_out1_reg[0][13]/Q
                         net (fo=4, routed)           0.628     3.215    design_1_i/conv_core_ip_0/U0/u_conv_core_ip_dut_inst/u_conv_core_ip_src_conv_core/u_Subsystem1/Delay1_out1_reg_n_0_[0][13]
    SLICE_X52Y23         LUT2 (Prop_lut2_I0_O)        0.097     3.312 r  design_1_i/conv_core_ip_0/U0/u_conv_core_ip_dut_inst/u_conv_core_ip_src_conv_core/u_Subsystem1/Sum_of_Elements_stage2_add_temp_carry_i_3/O
                         net (fo=1, routed)           0.000     3.312    design_1_i/conv_core_ip_0/U0/u_conv_core_ip_dut_inst/u_conv_core_ip_src_conv_core/u_Subsystem1/Sum_of_Elements_stage2_add_temp_carry_i_3_n_0
    SLICE_X52Y23         CARRY4 (Prop_carry4_S[1]_CO[3])
                                                      0.412     3.724 r  design_1_i/conv_core_ip_0/U0/u_conv_core_ip_dut_inst/u_conv_core_ip_src_conv_core/u_Subsystem1/Sum_of_Elements_stage2_add_temp_carry/CO[3]
                         net (fo=1, routed)           0.000     3.724    design_1_i/conv_core_ip_0/U0/u_conv_core_ip_dut_inst/u_conv_core_ip_src_conv_core/u_Subsystem1/Sum_of_Elements_stage2_add_temp_carry_n_0
    SLICE_X52Y24         CARRY4 (Prop_carry4_CI_O[0])
                                                      0.159     3.883 r  design_1_i/conv_core_ip_0/U0/u_conv_core_ip_dut_inst/u_conv_core_ip_src_conv_core/u_Subsystem1/Sum_of_Elements_stage2_add_temp_carry__0/O[0]
                         net (fo=2, routed)           0.442     4.325    design_1_i/conv_core_ip_0/U0/u_conv_core_ip_dut_inst/u_conv_core_ip_src_conv_core/u_Subsystem1/Sum_of_Elements_stage2_add_temp_carry__0_n_7
    SLICE_X53Y24         LUT2 (Prop_lut2_I0_O)        0.224     4.549 r  design_1_i/conv_core_ip_0/U0/u_conv_core_ip_dut_inst/u_conv_core_ip_src_conv_core/u_Subsystem1/Sum_of_Elements_stage3_add_temp_carry__0_i_3/O
                         net (fo=1, routed)           0.000     4.549    design_1_i/conv_core_ip_0/U0/u_conv_core_ip_dut_inst/u_conv_core_ip_src_conv_core/u_Subsystem1/Sum_of_Elements_stage3_add_temp_carry__0_i_3_n_0
    SLICE_X53Y24         CARRY4 (Prop_carry4_S[1]_CO[3])
                                                      0.412     4.961 r  design_1_i/conv_core_ip_0/U0/u_conv_core_ip_dut_inst/u_conv_core_ip_src_conv_core/u_Subsystem1/Sum_of_Elements_stage3_add_temp_carry__0/CO[3]
                         net (fo=1, routed)           0.007     4.968    design_1_i/conv_core_ip_0/U0/u_conv_core_ip_dut_inst/u_conv_core_ip_src_conv_core/u_Subsystem1/Sum_of_Elements_stage3_add_temp_carry__0_n_0
    SLICE_X53Y25         CARRY4 (Prop_carry4_CI_O[0])
                                                      0.159     5.127 r  design_1_i/conv_core_ip_0/U0/u_conv_core_ip_dut_inst/u_conv_core_ip_src_conv_core/u_Subsystem1/Sum_of_Elements_stage3_add_temp_carry__1/O[0]
                         net (fo=2, routed)           0.429     5.557    design_1_i/conv_core_ip_0/U0/u_conv_core_ip_dut_inst/u_conv_core_ip_src_conv_core/u_Subsystem1/Sum_of_Elements_stage3_add_temp_carry__1_n_7
    SLICE_X54Y24         LUT2 (Prop_lut2_I0_O)        0.224     5.781 r  design_1_i/conv_core_ip_0/U0/u_conv_core_ip_dut_inst/u_conv_core_ip_src_conv_core/u_Subsystem1/Sum_of_Elements_stage6_add_temp_carry__0_i_6/O
                         net (fo=1, routed)           0.000     5.781    design_1_i/conv_core_ip_0/U0/u_conv_core_ip_dut_inst/u_conv_core_ip_src_conv_core/u_Subsystem1/Sum_of_Elements_stage6_add_temp_carry__0_i_6_n_0
    SLICE_X54Y24         CARRY4 (Prop_carry4_S[3]_CO[3])
                                                      0.284     6.065 r  design_1_i/conv_core_ip_0/U0/u_conv_core_ip_dut_inst/u_conv_core_ip_src_conv_core/u_Subsystem1/Sum_of_Elements_stage6_add_temp_carry__0_i_1/CO[3]
                         net (fo=1, routed)           0.007     6.072    design_1_i/conv_core_ip_0/U0/u_conv_core_ip_dut_inst/u_conv_core_ip_src_conv_core/u_Subsystem1/Sum_of_Elements_stage6_add_temp_carry__0_i_1_n_0
    SLICE_X54Y25         CARRY4 (Prop_carry4_CI_O[1])
                                                      0.223     6.295 r  design_1_i/conv_core_ip_0/U0/u_conv_core_ip_dut_inst/u_conv_core_ip_src_conv_core/u_Subsystem1/Sum_of_Elements_stage6_add_temp_carry__1_i_1/O[1]
                         net (fo=3, routed)           0.465     6.760    design_1_i/conv_core_ip_0/U0/u_conv_core_ip_dut_inst/u_conv_core_ip_src_conv_core/u_Subsystem1/Sum_of_Elements_stage6_add_temp_carry__1_i_1_n_6
    SLICE_X56Y24         LUT2 (Prop_lut2_I1_O)        0.216     6.976 r  design_1_i/conv_core_ip_0/U0/u_conv_core_ip_dut_inst/u_conv_core_ip_src_conv_core/u_Subsystem1/Sum_of_Elements_stage6_add_temp_carry__1_i_4/O
                         net (fo=1, routed)           0.000     6.976    design_1_i/conv_core_ip_0/U0/u_conv_core_ip_dut_inst/u_conv_core_ip_src_conv_core/u_Subsystem1/Sum_of_Elements_stage6_add_temp_carry__1_i_4_n_0
    SLICE_X56Y24         CARRY4 (Prop_carry4_S[1]_O[3])
                                                      0.477     7.453 r  design_1_i/conv_core_ip_0/U0/u_conv_core_ip_dut_inst/u_conv_core_ip_src_conv_core/u_Subsystem1/Sum_of_Elements_stage6_add_temp_carry__1/O[3]
                         net (fo=3, routed)           0.415     7.868    design_1_i/conv_core_ip_0/U0/u_conv_core_ip_dut_inst/u_conv_core_ip_src_conv_core/u_Subsystem1/Sum_of_Elements_op_stage4[24]
    SLICE_X59Y24         LUT2 (Prop_lut2_I1_O)        0.234     8.102 r  design_1_i/conv_core_ip_0/U0/u_conv_core_ip_dut_inst/u_conv_core_ip_src_conv_core/u_Subsystem1/Sum_of_Elements_stage6_add_temp__38_carry__1_i_2/O
                         net (fo=1, routed)           0.000     8.102    design_1_i/conv_core_ip_0/U0/u_conv_core_ip_dut_inst/u_conv_core_ip_src_conv_core/u_Subsystem1/Sum_of_Elements_stage6_add_temp__38_carry__1_i_2_n_0
    SLICE_X59Y24         CARRY4 (Prop_carry4_S[3]_CO[3])
                                                      0.299     8.401 r  design_1_i/conv_core_ip_0/U0/u_conv_core_ip_dut_inst/u_conv_core_ip_src_conv_core/u_Subsystem1/Sum_of_Elements_stage6_add_temp__38_carry__1/CO[3]
                         net (fo=1, routed)           0.007     8.409    design_1_i/conv_core_ip_0/U0/u_conv_core_ip_dut_inst/u_conv_core_ip_src_conv_core/u_Subsystem1/Sum_of_Elements_stage6_add_temp__38_carry__1_n_0
    SLICE_X59Y25         CARRY4 (Prop_carry4_CI_O[1])
                                                      0.230     8.639 r  design_1_i/conv_core_ip_0/U0/u_conv_core_ip_dut_inst/u_conv_core_ip_src_conv_core/u_Subsystem1/Sum_of_Elements_stage6_add_temp__38_carry__2/O[1]
                         net (fo=3, routed)           0.331     8.969    design_1_i/conv_core_ip_0/U0/u_conv_core_ip_dut_inst/u_conv_core_ip_src_conv_core/u_Subsystem1/Sum_of_Elements_stage6_add_temp__38_carry__2_n_6
    SLICE_X58Y24         LUT2 (Prop_lut2_I0_O)        0.225     9.194 r  design_1_i/conv_core_ip_0/U0/u_conv_core_ip_dut_inst/u_conv_core_ip_src_conv_core/u_Subsystem1/Sum_of_Elements_stage7_add_temp_carry__2_i_1/O
                         net (fo=1, routed)           0.000     9.194    design_1_i/conv_core_ip_0/U0/u_conv_core_ip_dut_inst/u_conv_core_ip_src_conv_core/u_Subsystem1/Sum_of_Elements_stage7_add_temp_carry__2_i_1_n_0
    SLICE_X58Y24         CARRY4 (Prop_carry4_S[3]_CO[3])
                                                      0.284     9.478 r  design_1_i/conv_core_ip_0/U0/u_conv_core_ip_dut_inst/u_conv_core_ip_src_conv_core/u_Subsystem1/Sum_of_Elements_stage7_add_temp_carry__2/CO[3]
                         net (fo=1, routed)           0.007     9.486    design_1_i/conv_core_ip_0/U0/u_conv_core_ip_dut_inst/u_conv_core_ip_src_conv_core/u_Subsystem1/Sum_of_Elements_stage7_add_temp_carry__2_n_0
    SLICE_X58Y25         CARRY4 (Prop_carry4_CI_CO[0])
                                                      0.184     9.670 r  design_1_i/conv_core_ip_0/U0/u_conv_core_ip_dut_inst/u_conv_core_ip_src_conv_core/u_Subsystem1/Sum_of_Elements_stage8_add_temp_carry__2_i_1/CO[0]
                         net (fo=33, routed)          0.408    10.078    design_1_i/conv_core_ip_0/U0/u_conv_core_ip_dut_inst/u_conv_core_ip_src_conv_core/u_Subsystem1/Sum_of_Elements_stage8_add_temp_carry__2_i_1_n_3
    SLICE_X61Y21         LUT5 (Prop_lut5_I4_O)        0.262    10.340 r  design_1_i/conv_core_ip_0/U0/u_conv_core_ip_dut_inst/u_conv_core_ip_src_conv_core/u_Subsystem1/Sum_of_Elements_stage8_add_temp_carry_i_4/O
                         net (fo=1, routed)           0.422    10.763    design_1_i/conv_core_ip_0/U0/u_conv_core_ip_dut_inst/u_conv_core_ip_src_conv_core/u_Subsystem1/Sum_of_Elements_stage8_add_temp_carry_i_4_n_0
    SLICE_X60Y21         CARRY4 (Prop_carry4_DI[1]_CO[3])
                                                      0.374    11.137 r  design_1_i/conv_core_ip_0/U0/u_conv_core_ip_dut_inst/u_conv_core_ip_src_conv_core/u_Subsystem1/Sum_of_Elements_stage8_add_temp_carry/CO[3]
                         net (fo=1, routed)           0.000    11.137    design_1_i/conv_core_ip_0/U0/u_conv_core_ip_dut_inst/u_conv_core_ip_src_conv_core/u_Subsystem1/Sum_of_Elements_stage8_add_temp_carry_n_0
    SLICE_X60Y22         CARRY4 (Prop_carry4_CI_CO[3])
                                                      0.089    11.226 r  design_1_i/conv_core_ip_0/U0/u_conv_core_ip_dut_inst/u_conv_core_ip_src_conv_core/u_Subsystem1/Sum_of_Elements_stage8_add_temp_carry__0/CO[3]
                         net (fo=1, routed)           0.000    11.226    design_1_i/conv_core_ip_0/U0/u_conv_core_ip_dut_inst/u_conv_core_ip_src_conv_core/u_Subsystem1/Sum_of_Elements_stage8_add_temp_carry__0_n_0
    SLICE_X60Y23         CARRY4 (Prop_carry4_CI_CO[3])
                                                      0.089    11.315 r  design_1_i/conv_core_ip_0/U0/u_conv_core_ip_dut_inst/u_conv_core_ip_src_conv_core/u_Subsystem1/Sum_of_Elements_stage8_add_temp_carry__1/CO[3]
                         net (fo=1, routed)           0.000    11.315    design_1_i/conv_core_ip_0/U0/u_conv_core_ip_dut_inst/u_conv_core_ip_src_conv_core/u_Subsystem1/Sum_of_Elements_stage8_add_temp_carry__1_n_0
    SLICE_X60Y24         CARRY4 (Prop_carry4_CI_CO[3])
                                                      0.089    11.404 r  design_1_i/conv_core_ip_0/U0/u_conv_core_ip_dut_inst/u_conv_core_ip_src_conv_core/u_Subsystem1/Sum_of_Elements_stage8_add_temp_carry__2/CO[3]
                         net (fo=1, routed)           0.007    11.411    design_1_i/conv_core_ip_0/U0/u_conv_core_ip_dut_inst/u_conv_core_ip_src_conv_core/u_Subsystem1/Sum_of_Elements_stage8_add_temp_carry__2_n_0
    SLICE_X60Y25         CARRY4 (Prop_carry4_CI_CO[0])
                                                      0.187    11.598 r  design_1_i/conv_core_ip_0/U0/u_conv_core_ip_dut_inst/u_conv_core_ip_src_conv_core/u_Subsystem1/Sum_of_Elements_stage9_add_temp_carry__2_i_1/CO[0]
                         net (fo=22, routed)          0.668    12.266    design_1_i/conv_core_ip_0/U0/u_conv_core_ip_dut_inst/u_conv_core_ip_src_conv_core/u_Subsystem1/Sum_of_Elements_stage9_add_temp_carry__2_i_1_n_3
    SLICE_X63Y21         LUT4 (Prop_lut4_I0_O)        0.279    12.545 r  design_1_i/conv_core_ip_0/U0/u_conv_core_ip_dut_inst/u_conv_core_ip_src_conv_core/u_Subsystem1/Sum_of_Elements_stage9_add_temp_carry__0_i_3/O
                         net (fo=1, routed)           0.000    12.545    design_1_i/conv_core_ip_0/U0/u_conv_core_ip_dut_inst/u_conv_core_ip_src_conv_core/u_Subsystem1/Sum_of_Elements_stage9_add_temp_carry__0_i_3_n_0
    SLICE_X63Y21         CARRY4 (Prop_carry4_S[1]_CO[3])
                                                      0.412    12.957 r  design_1_i/conv_core_ip_0/U0/u_conv_core_ip_dut_inst/u_conv_core_ip_src_conv_core/u_Subsystem1/Sum_of_Elements_stage9_add_temp_carry__0/CO[3]
                         net (fo=1, routed)           0.000    12.957    design_1_i/conv_core_ip_0/U0/u_conv_core_ip_dut_inst/u_conv_core_ip_src_conv_core/u_Subsystem1/Sum_of_Elements_stage9_add_temp_carry__0_n_0
    SLICE_X63Y22         CARRY4 (Prop_carry4_CI_O[3])
                                                      0.234    13.191 r  design_1_i/conv_core_ip_0/U0/u_conv_core_ip_dut_inst/u_conv_core_ip_src_conv_core/u_Subsystem1/Sum_of_Elements_stage9_add_temp_carry__1/O[3]
                         net (fo=1, routed)           0.718    13.909    design_1_i/conv_core_ip_0/U0/u_conv_core_ip_dut_inst/u_conv_core_ip_src_conv_core/u_Subsystem1/Sum_of_Elements_stage9_add_temp_carry__1_n_4
    SLICE_X62Y22         LUT6 (Prop_lut6_I0_O)        0.234    14.143 r  design_1_i/conv_core_ip_0/U0/u_conv_core_ip_dut_inst/u_conv_core_ip_src_conv_core/u_Subsystem1/Delay2_out1[31]_i_3/O
                         net (fo=8, routed)           0.353    14.496    design_1_i/conv_core_ip_0/U0/u_conv_core_ip_dut_inst/u_conv_core_ip_src_conv_core/u_Subsystem1/Delay2_out1[31]_i_3_n_0
    SLICE_X64Y22         LUT6 (Prop_lut6_I3_O)        0.097    14.593 r  design_1_i/conv_core_ip_0/U0/u_conv_core_ip_dut_inst/u_conv_core_ip_src_conv_core/u_Subsystem1/Delay2_out1[27]_i_1/O
                         net (fo=1, routed)           0.000    14.593    design_1_i/conv_core_ip_0/U0/u_conv_core_ip_dut_inst/u_conv_core_ip_src_conv_core/u_Subsystem1/Sum_of_Elements_out1[3]
    SLICE_X64Y22         FDRE                                         r  design_1_i/conv_core_ip_0/U0/u_conv_core_ip_dut_inst/u_conv_core_ip_src_conv_core/u_Subsystem1/Delay2_out1_reg[27]/D
  -------------------------------------------------------------------    -------------------

                         (clock clk_fpga_0 rise edge)
                                                     20.000    20.000 r  
    PS7_X0Y0             PS7                          0.000    20.000 r  design_1_i/processing_system7_0/inst/PS7_i/FCLKCLK[0]
                         net (fo=1, routed)           0.786    20.786    design_1_i/processing_system7_0/inst/FCLK_CLK_unbuffered[0]
    BUFGCTRL_X0Y16       BUFG (Prop_bufg_I_O)         0.072    20.858 r  design_1_i/processing_system7_0/inst/buffer_fclk_clk_0.FCLK_CLK_0_BUFG/O
                         net (fo=15086, routed)       1.170    22.028    design_1_i/conv_core_ip_0/U0/u_conv_core_ip_dut_inst/u_conv_core_ip_src_conv_core/u_Subsystem1/IPCORE_CLK
    SLICE_X64Y22         FDRE                                         r  design_1_i/conv_core_ip_0/U0/u_conv_core_ip_dut_inst/u_conv_core_ip_src_conv_core/u_Subsystem1/Delay2_out1_reg[27]/C
                         clock pessimism              0.171    22.199    
                         clock uncertainty           -0.302    21.897    
    SLICE_X64Y22         FDRE (Setup_fdre_C_D)        0.032    21.929    design_1_i/conv_core_ip_0/U0/u_conv_core_ip_dut_inst/u_conv_core_ip_src_conv_core/u_Subsystem1/Delay2_out1_reg[27]
  -------------------------------------------------------------------
                         required time                         21.929    
                         arrival time                         -14.593    
  -------------------------------------------------------------------
                         slack                                  7.336    

Slack (MET) :             7.481ns  (required time - arrival time)
  Source:                 design_1_i/conv_core_ip_0/U0/u_conv_core_ip_dut_inst/u_conv_core_ip_src_conv_core/u_Subsystem1/Delay1_out1_reg[0][13]/C
                            (rising edge-triggered cell FDRE clocked by clk_fpga_0  {rise@0.000ns fall@10.000ns period=20.000ns})
  Destination:            design_1_i/conv_core_ip_0/U0/u_conv_core_ip_dut_inst/u_conv_core_ip_src_conv_core/u_Subsystem1/Delay2_out1_reg[29]/D
                            (rising edge-triggered cell FDRE clocked by clk_fpga_0  {rise@0.000ns fall@10.000ns period=20.000ns})
  Path Group:             clk_fpga_0
  Path Type:              Setup (Max at Slow Process Corner)
  Requirement:            20.000ns  (clk_fpga_0 rise@20.000ns - clk_fpga_0 rise@0.000ns)
  Data Path Delay:        12.238ns  (logic 7.030ns (57.445%)  route 5.208ns (42.555%))
  Logic Levels:           28  (CARRY4=18 LUT2=6 LUT4=1 LUT5=1 LUT6=2)
  Clock Path Skew:        -0.048ns (DCD - SCD + CPR)
    Destination Clock Delay (DCD):    2.027ns = ( 22.027 - 20.000 ) 
    Source Clock Delay      (SCD):    2.246ns
    Clock Pessimism Removal (CPR):    0.171ns
  Clock Uncertainty:      0.302ns  ((TSJ^2 + TIJ^2)^1/2 + DJ) / 2 + PE
    Total System Jitter     (TSJ):    0.071ns
    Total Input Jitter      (TIJ):    0.600ns
    Discrete Jitter          (DJ):    0.000ns
    Phase Error              (PE):    0.000ns

    Location             Delay type                Incr(ns)  Path(ns)    Netlist Resource(s)
  -------------------------------------------------------------------    -------------------
                         (clock clk_fpga_0 rise edge)
                                                      0.000     0.000 r  
    PS7_X0Y0             PS7                          0.000     0.000 r  design_1_i/processing_system7_0/inst/PS7_i/FCLKCLK[0]
                         net (fo=1, routed)           0.863     0.863    design_1_i/processing_system7_0/inst/FCLK_CLK_unbuffered[0]
    BUFGCTRL_X0Y16       BUFG (Prop_bufg_I_O)         0.079     0.942 r  design_1_i/processing_system7_0/inst/buffer_fclk_clk_0.FCLK_CLK_0_BUFG/O
                         net (fo=15086, routed)       1.304     2.246    design_1_i/conv_core_ip_0/U0/u_conv_core_ip_dut_inst/u_conv_core_ip_src_conv_core/u_Subsystem1/IPCORE_CLK
    SLICE_X57Y23         FDRE                                         r  design_1_i/conv_core_ip_0/U0/u_conv_core_ip_dut_inst/u_conv_core_ip_src_conv_core/u_Subsystem1/Delay1_out1_reg[0][13]/C
  -------------------------------------------------------------------    -------------------
    SLICE_X57Y23         FDRE (Prop_fdre_C_Q)         0.341     2.587 r  design_1_i/conv_core_ip_0/U0/u_conv_core_ip_dut_inst/u_conv_core_ip_src_conv_core/u_Subsystem1/Delay1_out1_reg[0][13]/Q
                         net (fo=4, routed)           0.628     3.215    design_1_i/conv_core_ip_0/U0/u_conv_core_ip_dut_inst/u_conv_core_ip_src_conv_core/u_Subsystem1/Delay1_out1_reg_n_0_[0][13]
    SLICE_X52Y23         LUT2 (Prop_lut2_I0_O)        0.097     3.312 r  design_1_i/conv_core_ip_0/U0/u_conv_core_ip_dut_inst/u_conv_core_ip_src_conv_core/u_Subsystem1/Sum_of_Elements_stage2_add_temp_carry_i_3/O
                         net (fo=1, routed)           0.000     3.312    design_1_i/conv_core_ip_0/U0/u_conv_core_ip_dut_inst/u_conv_core_ip_src_conv_core/u_Subsystem1/Sum_of_Elements_stage2_add_temp_carry_i_3_n_0
    SLICE_X52Y23         CARRY4 (Prop_carry4_S[1]_CO[3])
                                                      0.412     3.724 r  design_1_i/conv_core_ip_0/U0/u_conv_core_ip_dut_inst/u_conv_core_ip_src_conv_core/u_Subsystem1/Sum_of_Elements_stage2_add_temp_carry/CO[3]
                         net (fo=1, routed)           0.000     3.724    design_1_i/conv_core_ip_0/U0/u_conv_core_ip_dut_inst/u_conv_core_ip_src_conv_core/u_Subsystem1/Sum_of_Elements_stage2_add_temp_carry_n_0
    SLICE_X52Y24         CARRY4 (Prop_carry4_CI_O[0])
                                                      0.159     3.883 r  design_1_i/conv_core_ip_0/U0/u_conv_core_ip_dut_inst/u_conv_core_ip_src_conv_core/u_Subsystem1/Sum_of_Elements_stage2_add_temp_carry__0/O[0]
                         net (fo=2, routed)           0.442     4.325    design_1_i/conv_core_ip_0/U0/u_conv_core_ip_dut_inst/u_conv_core_ip_src_conv_core/u_Subsystem1/Sum_of_Elements_stage2_add_temp_carry__0_n_7
    SLICE_X53Y24         LUT2 (Prop_lut2_I0_O)        0.224     4.549 r  design_1_i/conv_core_ip_0/U0/u_conv_core_ip_dut_inst/u_conv_core_ip_src_conv_core/u_Subsystem1/Sum_of_Elements_stage3_add_temp_carry__0_i_3/O
                         net (fo=1, routed)           0.000     4.549    design_1_i/conv_core_ip_0/U0/u_conv_core_ip_dut_inst/u_conv_core_ip_src_conv_core/u_Subsystem1/Sum_of_Elements_stage3_add_temp_carry__0_i_3_n_0
    SLICE_X53Y24         CARRY4 (Prop_carry4_S[1]_CO[3])
                                                      0.412     4.961 r  design_1_i/conv_core_ip_0/U0/u_conv_core_ip_dut_inst/u_conv_core_ip_src_conv_core/u_Subsystem1/Sum_of_Elements_stage3_add_temp_carry__0/CO[3]
                         net (fo=1, routed)           0.007     4.968    design_1_i/conv_core_ip_0/U0/u_conv_core_ip_dut_inst/u_conv_core_ip_src_conv_core/u_Subsystem1/Sum_of_Elements_stage3_add_temp_carry__0_n_0
    SLICE_X53Y25         CARRY4 (Prop_carry4_CI_O[0])
                                                      0.159     5.127 r  design_1_i/conv_core_ip_0/U0/u_conv_core_ip_dut_inst/u_conv_core_ip_src_conv_core/u_Subsystem1/Sum_of_Elements_stage3_add_temp_carry__1/O[0]
                         net (fo=2, routed)           0.429     5.557    design_1_i/conv_core_ip_0/U0/u_conv_core_ip_dut_inst/u_conv_core_ip_src_conv_core/u_Subsystem1/Sum_of_Elements_stage3_add_temp_carry__1_n_7
    SLICE_X54Y24         LUT2 (Prop_lut2_I0_O)        0.224     5.781 r  design_1_i/conv_core_ip_0/U0/u_conv_core_ip_dut_inst/u_conv_core_ip_src_conv_core/u_Subsystem1/Sum_of_Elements_stage6_add_temp_carry__0_i_6/O
                         net (fo=1, routed)           0.000     5.781    design_1_i/conv_core_ip_0/U0/u_conv_core_ip_dut_inst/u_conv_core_ip_src_conv_core/u_Subsystem1/Sum_of_Elements_stage6_add_temp_carry__0_i_6_n_0
    SLICE_X54Y24         CARRY4 (Prop_carry4_S[3]_CO[3])
                                                      0.284     6.065 r  design_1_i/conv_core_ip_0/U0/u_conv_core_ip_dut_inst/u_conv_core_ip_src_conv_core/u_Subsystem1/Sum_of_Elements_stage6_add_temp_carry__0_i_1/CO[3]
                         net (fo=1, routed)           0.007     6.072    design_1_i/conv_core_ip_0/U0/u_conv_core_ip_dut_inst/u_conv_core_ip_src_conv_core/u_Subsystem1/Sum_of_Elements_stage6_add_temp_carry__0_i_1_n_0
    SLICE_X54Y25         CARRY4 (Prop_carry4_CI_O[1])
                                                      0.223     6.295 r  design_1_i/conv_core_ip_0/U0/u_conv_core_ip_dut_inst/u_conv_core_ip_src_conv_core/u_Subsystem1/Sum_of_Elements_stage6_add_temp_carry__1_i_1/O[1]
                         net (fo=3, routed)           0.465     6.760    design_1_i/conv_core_ip_0/U0/u_conv_core_ip_dut_inst/u_conv_core_ip_src_conv_core/u_Subsystem1/Sum_of_Elements_stage6_add_temp_carry__1_i_1_n_6
    SLICE_X56Y24         LUT2 (Prop_lut2_I1_O)        0.216     6.976 r  design_1_i/conv_core_ip_0/U0/u_conv_core_ip_dut_inst/u_conv_core_ip_src_conv_core/u_Subsystem1/Sum_of_Elements_stage6_add_temp_carry__1_i_4/O
                         net (fo=1, routed)           0.000     6.976    design_1_i/conv_core_ip_0/U0/u_conv_core_ip_dut_inst/u_conv_core_ip_src_conv_core/u_Subsystem1/Sum_of_Elements_stage6_add_temp_carry__1_i_4_n_0
    SLICE_X56Y24         CARRY4 (Prop_carry4_S[1]_O[3])
                                                      0.477     7.453 r  design_1_i/conv_core_ip_0/U0/u_conv_core_ip_dut_inst/u_conv_core_ip_src_conv_core/u_Subsystem1/Sum_of_Elements_stage6_add_temp_carry__1/O[3]
                         net (fo=3, routed)           0.415     7.868    design_1_i/conv_core_ip_0/U0/u_conv_core_ip_dut_inst/u_conv_core_ip_src_conv_core/u_Subsystem1/Sum_of_Elements_op_stage4[24]
    SLICE_X59Y24         LUT2 (Prop_lut2_I1_O)        0.234     8.102 r  design_1_i/conv_core_ip_0/U0/u_conv_core_ip_dut_inst/u_conv_core_ip_src_conv_core/u_Subsystem1/Sum_of_Elements_stage6_add_temp__38_carry__1_i_2/O
                         net (fo=1, routed)           0.000     8.102    design_1_i/conv_core_ip_0/U0/u_conv_core_ip_dut_inst/u_conv_core_ip_src_conv_core/u_Subsystem1/Sum_of_Elements_stage6_add_temp__38_carry__1_i_2_n_0
    SLICE_X59Y24         CARRY4 (Prop_carry4_S[3]_CO[3])
                                                      0.299     8.401 r  design_1_i/conv_core_ip_0/U0/u_conv_core_ip_dut_inst/u_conv_core_ip_src_conv_core/u_Subsystem1/Sum_of_Elements_stage6_add_temp__38_carry__1/CO[3]
                         net (fo=1, routed)           0.007     8.409    design_1_i/conv_core_ip_0/U0/u_conv_core_ip_dut_inst/u_conv_core_ip_src_conv_core/u_Subsystem1/Sum_of_Elements_stage6_add_temp__38_carry__1_n_0
    SLICE_X59Y25         CARRY4 (Prop_carry4_CI_O[1])
                                                      0.230     8.639 r  design_1_i/conv_core_ip_0/U0/u_conv_core_ip_dut_inst/u_conv_core_ip_src_conv_core/u_Subsystem1/Sum_of_Elements_stage6_add_temp__38_carry__2/O[1]
                         net (fo=3, routed)           0.331     8.969    design_1_i/conv_core_ip_0/U0/u_conv_core_ip_dut_inst/u_conv_core_ip_src_conv_core/u_Subsystem1/Sum_of_Elements_stage6_add_temp__38_carry__2_n_6
    SLICE_X58Y24         LUT2 (Prop_lut2_I0_O)        0.225     9.194 r  design_1_i/conv_core_ip_0/U0/u_conv_core_ip_dut_inst/u_conv_core_ip_src_conv_core/u_Subsystem1/Sum_of_Elements_stage7_add_temp_carry__2_i_1/O
                         net (fo=1, routed)           0.000     9.194    design_1_i/conv_core_ip_0/U0/u_conv_core_ip_dut_inst/u_conv_core_ip_src_conv_core/u_Subsystem1/Sum_of_Elements_stage7_add_temp_carry__2_i_1_n_0
    SLICE_X58Y24         CARRY4 (Prop_carry4_S[3]_CO[3])
                                                      0.284     9.478 r  design_1_i/conv_core_ip_0/U0/u_conv_core_ip_dut_inst/u_conv_core_ip_src_conv_core/u_Subsystem1/Sum_of_Elements_stage7_add_temp_carry__2/CO[3]
                         net (fo=1, routed)           0.007     9.486    design_1_i/conv_core_ip_0/U0/u_conv_core_ip_dut_inst/u_conv_core_ip_src_conv_core/u_Subsystem1/Sum_of_Elements_stage7_add_temp_carry__2_n_0
    SLICE_X58Y25         CARRY4 (Prop_carry4_CI_CO[0])
                                                      0.184     9.670 r  design_1_i/conv_core_ip_0/U0/u_conv_core_ip_dut_inst/u_conv_core_ip_src_conv_core/u_Subsystem1/Sum_of_Elements_stage8_add_temp_carry__2_i_1/CO[0]
                         net (fo=33, routed)          0.408    10.078    design_1_i/conv_core_ip_0/U0/u_conv_core_ip_dut_inst/u_conv_core_ip_src_conv_core/u_Subsystem1/Sum_of_Elements_stage8_add_temp_carry__2_i_1_n_3
    SLICE_X61Y21         LUT5 (Prop_lut5_I4_O)        0.262    10.340 r  design_1_i/conv_core_ip_0/U0/u_conv_core_ip_dut_inst/u_conv_core_ip_src_conv_core/u_Subsystem1/Sum_of_Elements_stage8_add_temp_carry_i_4/O
                         net (fo=1, routed)           0.422    10.763    design_1_i/conv_core_ip_0/U0/u_conv_core_ip_dut_inst/u_conv_core_ip_src_conv_core/u_Subsystem1/Sum_of_Elements_stage8_add_temp_carry_i_4_n_0
    SLICE_X60Y21         CARRY4 (Prop_carry4_DI[1]_CO[3])
                                                      0.374    11.137 r  design_1_i/conv_core_ip_0/U0/u_conv_core_ip_dut_inst/u_conv_core_ip_src_conv_core/u_Subsystem1/Sum_of_Elements_stage8_add_temp_carry/CO[3]
                         net (fo=1, routed)           0.000    11.137    design_1_i/conv_core_ip_0/U0/u_conv_core_ip_dut_inst/u_conv_core_ip_src_conv_core/u_Subsystem1/Sum_of_Elements_stage8_add_temp_carry_n_0
    SLICE_X60Y22         CARRY4 (Prop_carry4_CI_CO[3])
                                                      0.089    11.226 r  design_1_i/conv_core_ip_0/U0/u_conv_core_ip_dut_inst/u_conv_core_ip_src_conv_core/u_Subsystem1/Sum_of_Elements_stage8_add_temp_carry__0/CO[3]
                         net (fo=1, routed)           0.000    11.226    design_1_i/conv_core_ip_0/U0/u_conv_core_ip_dut_inst/u_conv_core_ip_src_conv_core/u_Subsystem1/Sum_of_Elements_stage8_add_temp_carry__0_n_0
    SLICE_X60Y23         CARRY4 (Prop_carry4_CI_CO[3])
                                                      0.089    11.315 r  design_1_i/conv_core_ip_0/U0/u_conv_core_ip_dut_inst/u_conv_core_ip_src_conv_core/u_Subsystem1/Sum_of_Elements_stage8_add_temp_carry__1/CO[3]
                         net (fo=1, routed)           0.000    11.315    design_1_i/conv_core_ip_0/U0/u_conv_core_ip_dut_inst/u_conv_core_ip_src_conv_core/u_Subsystem1/Sum_of_Elements_stage8_add_temp_carry__1_n_0
    SLICE_X60Y24         CARRY4 (Prop_carry4_CI_CO[3])
                                                      0.089    11.404 r  design_1_i/conv_core_ip_0/U0/u_conv_core_ip_dut_inst/u_conv_core_ip_src_conv_core/u_Subsystem1/Sum_of_Elements_stage8_add_temp_carry__2/CO[3]
                         net (fo=1, routed)           0.007    11.411    design_1_i/conv_core_ip_0/U0/u_conv_core_ip_dut_inst/u_conv_core_ip_src_conv_core/u_Subsystem1/Sum_of_Elements_stage8_add_temp_carry__2_n_0
    SLICE_X60Y25         CARRY4 (Prop_carry4_CI_CO[0])
                                                      0.187    11.598 r  design_1_i/conv_core_ip_0/U0/u_conv_core_ip_dut_inst/u_conv_core_ip_src_conv_core/u_Subsystem1/Sum_of_Elements_stage9_add_temp_carry__2_i_1/CO[0]
                         net (fo=22, routed)          0.668    12.266    design_1_i/conv_core_ip_0/U0/u_conv_core_ip_dut_inst/u_conv_core_ip_src_conv_core/u_Subsystem1/Sum_of_Elements_stage9_add_temp_carry__2_i_1_n_3
    SLICE_X63Y21         LUT4 (Prop_lut4_I0_O)        0.279    12.545 r  design_1_i/conv_core_ip_0/U0/u_conv_core_ip_dut_inst/u_conv_core_ip_src_conv_core/u_Subsystem1/Sum_of_Elements_stage9_add_temp_carry__0_i_3/O
                         net (fo=1, routed)           0.000    12.545    design_1_i/conv_core_ip_0/U0/u_conv_core_ip_dut_inst/u_conv_core_ip_src_conv_core/u_Subsystem1/Sum_of_Elements_stage9_add_temp_carry__0_i_3_n_0
    SLICE_X63Y21         CARRY4 (Prop_carry4_S[1]_CO[3])
                                                      0.412    12.957 r  design_1_i/conv_core_ip_0/U0/u_conv_core_ip_dut_inst/u_conv_core_ip_src_conv_core/u_Subsystem1/Sum_of_Elements_stage9_add_temp_carry__0/CO[3]
                         net (fo=1, routed)           0.000    12.957    design_1_i/conv_core_ip_0/U0/u_conv_core_ip_dut_inst/u_conv_core_ip_src_conv_core/u_Subsystem1/Sum_of_Elements_stage9_add_temp_carry__0_n_0
    SLICE_X63Y22         CARRY4 (Prop_carry4_CI_O[3])
                                                      0.234    13.191 r  design_1_i/conv_core_ip_0/U0/u_conv_core_ip_dut_inst/u_conv_core_ip_src_conv_core/u_Subsystem1/Sum_of_Elements_stage9_add_temp_carry__1/O[3]
                         net (fo=1, routed)           0.718    13.909    design_1_i/conv_core_ip_0/U0/u_conv_core_ip_dut_inst/u_conv_core_ip_src_conv_core/u_Subsystem1/Sum_of_Elements_stage9_add_temp_carry__1_n_4
    SLICE_X62Y22         LUT6 (Prop_lut6_I0_O)        0.234    14.143 r  design_1_i/conv_core_ip_0/U0/u_conv_core_ip_dut_inst/u_conv_core_ip_src_conv_core/u_Subsystem1/Delay2_out1[31]_i_3/O
                         net (fo=8, routed)           0.244    14.387    design_1_i/conv_core_ip_0/U0/u_conv_core_ip_dut_inst/u_conv_core_ip_src_conv_core/u_Subsystem1/Delay2_out1[31]_i_3_n_0
    SLICE_X62Y21         LUT6 (Prop_lut6_I3_O)        0.097    14.484 r  design_1_i/conv_core_ip_0/U0/u_conv_core_ip_dut_inst/u_conv_core_ip_src_conv_core/u_Subsystem1/Delay2_out1[29]_i_1/O
                         net (fo=1, routed)           0.000    14.484    design_1_i/conv_core_ip_0/U0/u_conv_core_ip_dut_inst/u_conv_core_ip_src_conv_core/u_Subsystem1/Sum_of_Elements_out1[5]
    SLICE_X62Y21         FDRE                                         r  design_1_i/conv_core_ip_0/U0/u_conv_core_ip_dut_inst/u_conv_core_ip_src_conv_core/u_Subsystem1/Delay2_out1_reg[29]/D
  -------------------------------------------------------------------    -------------------

                         (clock clk_fpga_0 rise edge)
                                                     20.000    20.000 r  
    PS7_X0Y0             PS7                          0.000    20.000 r  design_1_i/processing_system7_0/inst/PS7_i/FCLKCLK[0]
                         net (fo=1, routed)           0.786    20.786    design_1_i/processing_system7_0/inst/FCLK_CLK_unbuffered[0]
    BUFGCTRL_X0Y16       BUFG (Prop_bufg_I_O)         0.072    20.858 r  design_1_i/processing_system7_0/inst/buffer_fclk_clk_0.FCLK_CLK_0_BUFG/O
                         net (fo=15086, routed)       1.169    22.027    design_1_i/conv_core_ip_0/U0/u_conv_core_ip_dut_inst/u_conv_core_ip_src_conv_core/u_Subsystem1/IPCORE_CLK
    SLICE_X62Y21         FDRE                                         r  design_1_i/conv_core_ip_0/U0/u_conv_core_ip_dut_inst/u_conv_core_ip_src_conv_core/u_Subsystem1/Delay2_out1_reg[29]/C
                         clock pessimism              0.171    22.198    
                         clock uncertainty           -0.302    21.896    
    SLICE_X62Y21         FDRE (Setup_fdre_C_D)        0.069    21.965    design_1_i/conv_core_ip_0/U0/u_conv_core_ip_dut_inst/u_conv_core_ip_src_conv_core/u_Subsystem1/Delay2_out1_reg[29]
  -------------------------------------------------------------------
                         required time                         21.965    
                         arrival time                         -14.484    
  -------------------------------------------------------------------
                         slack                                  7.481    

Slack (MET) :             7.487ns  (required time - arrival time)
  Source:                 design_1_i/conv_core_ip_0/U0/u_conv_core_ip_dut_inst/u_conv_core_ip_src_conv_core/u_Subsystem1/Delay1_out1_reg[0][13]/C
                            (rising edge-triggered cell FDRE clocked by clk_fpga_0  {rise@0.000ns fall@10.000ns period=20.000ns})
  Destination:            design_1_i/conv_core_ip_0/U0/u_conv_core_ip_dut_inst/u_conv_core_ip_src_conv_core/u_Subsystem1/Delay2_out1_reg[31]/D
                            (rising edge-triggered cell FDRE clocked by clk_fpga_0  {rise@0.000ns fall@10.000ns period=20.000ns})
  Path Group:             clk_fpga_0
  Path Type:              Setup (Max at Slow Process Corner)
  Requirement:            20.000ns  (clk_fpga_0 rise@20.000ns - clk_fpga_0 rise@0.000ns)
  Data Path Delay:        12.235ns  (logic 7.030ns (57.459%)  route 5.205ns (42.541%))
  Logic Levels:           28  (CARRY4=18 LUT2=6 LUT4=1 LUT5=1 LUT6=2)
  Clock Path Skew:        -0.048ns (DCD - SCD + CPR)
    Destination Clock Delay (DCD):    2.027ns = ( 22.027 - 20.000 ) 
    Source Clock Delay      (SCD):    2.246ns
    Clock Pessimism Removal (CPR):    0.171ns
  Clock Uncertainty:      0.302ns  ((TSJ^2 + TIJ^2)^1/2 + DJ) / 2 + PE
    Total System Jitter     (TSJ):    0.071ns
    Total Input Jitter      (TIJ):    0.600ns
    Discrete Jitter          (DJ):    0.000ns
    Phase Error              (PE):    0.000ns

    Location             Delay type                Incr(ns)  Path(ns)    Netlist Resource(s)
  -------------------------------------------------------------------    -------------------
                         (clock clk_fpga_0 rise edge)
                                                      0.000     0.000 r  
    PS7_X0Y0             PS7                          0.000     0.000 r  design_1_i/processing_system7_0/inst/PS7_i/FCLKCLK[0]
                         net (fo=1, routed)           0.863     0.863    design_1_i/processing_system7_0/inst/FCLK_CLK_unbuffered[0]
    BUFGCTRL_X0Y16       BUFG (Prop_bufg_I_O)         0.079     0.942 r  design_1_i/processing_system7_0/inst/buffer_fclk_clk_0.FCLK_CLK_0_BUFG/O
                         net (fo=15086, routed)       1.304     2.246    design_1_i/conv_core_ip_0/U0/u_conv_core_ip_dut_inst/u_conv_core_ip_src_conv_core/u_Subsystem1/IPCORE_CLK
    SLICE_X57Y23         FDRE                                         r  design_1_i/conv_core_ip_0/U0/u_conv_core_ip_dut_inst/u_conv_core_ip_src_conv_core/u_Subsystem1/Delay1_out1_reg[0][13]/C
  -------------------------------------------------------------------    -------------------
    SLICE_X57Y23         FDRE (Prop_fdre_C_Q)         0.341     2.587 r  design_1_i/conv_core_ip_0/U0/u_conv_core_ip_dut_inst/u_conv_core_ip_src_conv_core/u_Subsystem1/Delay1_out1_reg[0][13]/Q
                         net (fo=4, routed)           0.628     3.215    design_1_i/conv_core_ip_0/U0/u_conv_core_ip_dut_inst/u_conv_core_ip_src_conv_core/u_Subsystem1/Delay1_out1_reg_n_0_[0][13]
    SLICE_X52Y23         LUT2 (Prop_lut2_I0_O)        0.097     3.312 r  design_1_i/conv_core_ip_0/U0/u_conv_core_ip_dut_inst/u_conv_core_ip_src_conv_core/u_Subsystem1/Sum_of_Elements_stage2_add_temp_carry_i_3/O
                         net (fo=1, routed)           0.000     3.312    design_1_i/conv_core_ip_0/U0/u_conv_core_ip_dut_inst/u_conv_core_ip_src_conv_core/u_Subsystem1/Sum_of_Elements_stage2_add_temp_carry_i_3_n_0
    SLICE_X52Y23         CARRY4 (Prop_carry4_S[1]_CO[3])
                                                      0.412     3.724 r  design_1_i/conv_core_ip_0/U0/u_conv_core_ip_dut_inst/u_conv_core_ip_src_conv_core/u_Subsystem1/Sum_of_Elements_stage2_add_temp_carry/CO[3]
                         net (fo=1, routed)           0.000     3.724    design_1_i/conv_core_ip_0/U0/u_conv_core_ip_dut_inst/u_conv_core_ip_src_conv_core/u_Subsystem1/Sum_of_Elements_stage2_add_temp_carry_n_0
    SLICE_X52Y24         CARRY4 (Prop_carry4_CI_O[0])
                                                      0.159     3.883 r  design_1_i/conv_core_ip_0/U0/u_conv_core_ip_dut_inst/u_conv_core_ip_src_conv_core/u_Subsystem1/Sum_of_Elements_stage2_add_temp_carry__0/O[0]
                         net (fo=2, routed)           0.442     4.325    design_1_i/conv_core_ip_0/U0/u_conv_core_ip_dut_inst/u_conv_core_ip_src_conv_core/u_Subsystem1/Sum_of_Elements_stage2_add_temp_carry__0_n_7
    SLICE_X53Y24         LUT2 (Prop_lut2_I0_O)        0.224     4.549 r  design_1_i/conv_core_ip_0/U0/u_conv_core_ip_dut_inst/u_conv_core_ip_src_conv_core/u_Subsystem1/Sum_of_Elements_stage3_add_temp_carry__0_i_3/O
                         net (fo=1, routed)           0.000     4.549    design_1_i/conv_core_ip_0/U0/u_conv_core_ip_dut_inst/u_conv_core_ip_src_conv_core/u_Subsystem1/Sum_of_Elements_stage3_add_temp_carry__0_i_3_n_0
    SLICE_X53Y24         CARRY4 (Prop_carry4_S[1]_CO[3])
                                                      0.412     4.961 r  design_1_i/conv_core_ip_0/U0/u_conv_core_ip_dut_inst/u_conv_core_ip_src_conv_core/u_Subsystem1/Sum_of_Elements_stage3_add_temp_carry__0/CO[3]
                         net (fo=1, routed)           0.007     4.968    design_1_i/conv_core_ip_0/U0/u_conv_core_ip_dut_inst/u_conv_core_ip_src_conv_core/u_Subsystem1/Sum_of_Elements_stage3_add_temp_carry__0_n_0
    SLICE_X53Y25         CARRY4 (Prop_carry4_CI_O[0])
                                                      0.159     5.127 r  design_1_i/conv_core_ip_0/U0/u_conv_core_ip_dut_inst/u_conv_core_ip_src_conv_core/u_Subsystem1/Sum_of_Elements_stage3_add_temp_carry__1/O[0]
                         net (fo=2, routed)           0.429     5.557    design_1_i/conv_core_ip_0/U0/u_conv_core_ip_dut_inst/u_conv_core_ip_src_conv_core/u_Subsystem1/Sum_of_Elements_stage3_add_temp_carry__1_n_7
    SLICE_X54Y24         LUT2 (Prop_lut2_I0_O)        0.224     5.781 r  design_1_i/conv_core_ip_0/U0/u_conv_core_ip_dut_inst/u_conv_core_ip_src_conv_core/u_Subsystem1/Sum_of_Elements_stage6_add_temp_carry__0_i_6/O
                         net (fo=1, routed)           0.000     5.781    design_1_i/conv_core_ip_0/U0/u_conv_core_ip_dut_inst/u_conv_core_ip_src_conv_core/u_Subsystem1/Sum_of_Elements_stage6_add_temp_carry__0_i_6_n_0
    SLICE_X54Y24         CARRY4 (Prop_carry4_S[3]_CO[3])
                                                      0.284     6.065 r  design_1_i/conv_core_ip_0/U0/u_conv_core_ip_dut_inst/u_conv_core_ip_src_conv_core/u_Subsystem1/Sum_of_Elements_stage6_add_temp_carry__0_i_1/CO[3]
                         net (fo=1, routed)           0.007     6.072    design_1_i/conv_core_ip_0/U0/u_conv_core_ip_dut_inst/u_conv_core_ip_src_conv_core/u_Subsystem1/Sum_of_Elements_stage6_add_temp_carry__0_i_1_n_0
    SLICE_X54Y25         CARRY4 (Prop_carry4_CI_O[1])
                                                      0.223     6.295 r  design_1_i/conv_core_ip_0/U0/u_conv_core_ip_dut_inst/u_conv_core_ip_src_conv_core/u_Subsystem1/Sum_of_Elements_stage6_add_temp_carry__1_i_1/O[1]
                         net (fo=3, routed)           0.465     6.760    design_1_i/conv_core_ip_0/U0/u_conv_core_ip_dut_inst/u_conv_core_ip_src_conv_core/u_Subsystem1/Sum_of_Elements_stage6_add_temp_carry__1_i_1_n_6
    SLICE_X56Y24         LUT2 (Prop_lut2_I1_O)        0.216     6.976 r  design_1_i/conv_core_ip_0/U0/u_conv_core_ip_dut_inst/u_conv_core_ip_src_conv_core/u_Subsystem1/Sum_of_Elements_stage6_add_temp_carry__1_i_4/O
                         net (fo=1, routed)           0.000     6.976    design_1_i/conv_core_ip_0/U0/u_conv_core_ip_dut_inst/u_conv_core_ip_src_conv_core/u_Subsystem1/Sum_of_Elements_stage6_add_temp_carry__1_i_4_n_0
    SLICE_X56Y24         CARRY4 (Prop_carry4_S[1]_O[3])
                                                      0.477     7.453 r  design_1_i/conv_core_ip_0/U0/u_conv_core_ip_dut_inst/u_conv_core_ip_src_conv_core/u_Subsystem1/Sum_of_Elements_stage6_add_temp_carry__1/O[3]
                         net (fo=3, routed)           0.415     7.868    design_1_i/conv_core_ip_0/U0/u_conv_core_ip_dut_inst/u_conv_core_ip_src_conv_core/u_Subsystem1/Sum_of_Elements_op_stage4[24]
    SLICE_X59Y24         LUT2 (Prop_lut2_I1_O)        0.234     8.102 r  design_1_i/conv_core_ip_0/U0/u_conv_core_ip_dut_inst/u_conv_core_ip_src_conv_core/u_Subsystem1/Sum_of_Elements_stage6_add_temp__38_carry__1_i_2/O
                         net (fo=1, routed)           0.000     8.102    design_1_i/conv_core_ip_0/U0/u_conv_core_ip_dut_inst/u_conv_core_ip_src_conv_core/u_Subsystem1/Sum_of_Elements_stage6_add_temp__38_carry__1_i_2_n_0
    SLICE_X59Y24         CARRY4 (Prop_carry4_S[3]_CO[3])
                                                      0.299     8.401 r  design_1_i/conv_core_ip_0/U0/u_conv_core_ip_dut_inst/u_conv_core_ip_src_conv_core/u_Subsystem1/Sum_of_Elements_stage6_add_temp__38_carry__1/CO[3]
                         net (fo=1, routed)           0.007     8.409    design_1_i/conv_core_ip_0/U0/u_conv_core_ip_dut_inst/u_conv_core_ip_src_conv_core/u_Subsystem1/Sum_of_Elements_stage6_add_temp__38_carry__1_n_0
    SLICE_X59Y25         CARRY4 (Prop_carry4_CI_O[1])
                                                      0.230     8.639 r  design_1_i/conv_core_ip_0/U0/u_conv_core_ip_dut_inst/u_conv_core_ip_src_conv_core/u_Subsystem1/Sum_of_Elements_stage6_add_temp__38_carry__2/O[1]
                         net (fo=3, routed)           0.331     8.969    design_1_i/conv_core_ip_0/U0/u_conv_core_ip_dut_inst/u_conv_core_ip_src_conv_core/u_Subsystem1/Sum_of_Elements_stage6_add_temp__38_carry__2_n_6
    SLICE_X58Y24         LUT2 (Prop_lut2_I0_O)        0.225     9.194 r  design_1_i/conv_core_ip_0/U0/u_conv_core_ip_dut_inst/u_conv_core_ip_src_conv_core/u_Subsystem1/Sum_of_Elements_stage7_add_temp_carry__2_i_1/O
                         net (fo=1, routed)           0.000     9.194    design_1_i/conv_core_ip_0/U0/u_conv_core_ip_dut_inst/u_conv_core_ip_src_conv_core/u_Subsystem1/Sum_of_Elements_stage7_add_temp_carry__2_i_1_n_0
    SLICE_X58Y24         CARRY4 (Prop_carry4_S[3]_CO[3])
                                                      0.284     9.478 r  design_1_i/conv_core_ip_0/U0/u_conv_core_ip_dut_inst/u_conv_core_ip_src_conv_core/u_Subsystem1/Sum_of_Elements_stage7_add_temp_carry__2/CO[3]
                         net (fo=1, routed)           0.007     9.486    design_1_i/conv_core_ip_0/U0/u_conv_core_ip_dut_inst/u_conv_core_ip_src_conv_core/u_Subsystem1/Sum_of_Elements_stage7_add_temp_carry__2_n_0
    SLICE_X58Y25         CARRY4 (Prop_carry4_CI_CO[0])
                                                      0.184     9.670 r  design_1_i/conv_core_ip_0/U0/u_conv_core_ip_dut_inst/u_conv_core_ip_src_conv_core/u_Subsystem1/Sum_of_Elements_stage8_add_temp_carry__2_i_1/CO[0]
                         net (fo=33, routed)          0.408    10.078    design_1_i/conv_core_ip_0/U0/u_conv_core_ip_dut_inst/u_conv_core_ip_src_conv_core/u_Subsystem1/Sum_of_Elements_stage8_add_temp_carry__2_i_1_n_3
    SLICE_X61Y21         LUT5 (Prop_lut5_I4_O)        0.262    10.340 r  design_1_i/conv_core_ip_0/U0/u_conv_core_ip_dut_inst/u_conv_core_ip_src_conv_core/u_Subsystem1/Sum_of_Elements_stage8_add_temp_carry_i_4/O
                         net (fo=1, routed)           0.422    10.763    design_1_i/conv_core_ip_0/U0/u_conv_core_ip_dut_inst/u_conv_core_ip_src_conv_core/u_Subsystem1/Sum_of_Elements_stage8_add_temp_carry_i_4_n_0
    SLICE_X60Y21         CARRY4 (Prop_carry4_DI[1]_CO[3])
                                                      0.374    11.137 r  design_1_i/conv_core_ip_0/U0/u_conv_core_ip_dut_inst/u_conv_core_ip_src_conv_core/u_Subsystem1/Sum_of_Elements_stage8_add_temp_carry/CO[3]
                         net (fo=1, routed)           0.000    11.137    design_1_i/conv_core_ip_0/U0/u_conv_core_ip_dut_inst/u_conv_core_ip_src_conv_core/u_Subsystem1/Sum_of_Elements_stage8_add_temp_carry_n_0
    SLICE_X60Y22         CARRY4 (Prop_carry4_CI_CO[3])
                                                      0.089    11.226 r  design_1_i/conv_core_ip_0/U0/u_conv_core_ip_dut_inst/u_conv_core_ip_src_conv_core/u_Subsystem1/Sum_of_Elements_stage8_add_temp_carry__0/CO[3]
                         net (fo=1, routed)           0.000    11.226    design_1_i/conv_core_ip_0/U0/u_conv_core_ip_dut_inst/u_conv_core_ip_src_conv_core/u_Subsystem1/Sum_of_Elements_stage8_add_temp_carry__0_n_0
    SLICE_X60Y23         CARRY4 (Prop_carry4_CI_CO[3])
                                                      0.089    11.315 r  design_1_i/conv_core_ip_0/U0/u_conv_core_ip_dut_inst/u_conv_core_ip_src_conv_core/u_Subsystem1/Sum_of_Elements_stage8_add_temp_carry__1/CO[3]
                         net (fo=1, routed)           0.000    11.315    design_1_i/conv_core_ip_0/U0/u_conv_core_ip_dut_inst/u_conv_core_ip_src_conv_core/u_Subsystem1/Sum_of_Elements_stage8_add_temp_carry__1_n_0
    SLICE_X60Y24         CARRY4 (Prop_carry4_CI_CO[3])
                                                      0.089    11.404 r  design_1_i/conv_core_ip_0/U0/u_conv_core_ip_dut_inst/u_conv_core_ip_src_conv_core/u_Subsystem1/Sum_of_Elements_stage8_add_temp_carry__2/CO[3]
                         net (fo=1, routed)           0.007    11.411    design_1_i/conv_core_ip_0/U0/u_conv_core_ip_dut_inst/u_conv_core_ip_src_conv_core/u_Subsystem1/Sum_of_Elements_stage8_add_temp_carry__2_n_0
    SLICE_X60Y25         CARRY4 (Prop_carry4_CI_CO[0])
                                                      0.187    11.598 r  design_1_i/conv_core_ip_0/U0/u_conv_core_ip_dut_inst/u_conv_core_ip_src_conv_core/u_Subsystem1/Sum_of_Elements_stage9_add_temp_carry__2_i_1/CO[0]
                         net (fo=22, routed)          0.668    12.266    design_1_i/conv_core_ip_0/U0/u_conv_core_ip_dut_inst/u_conv_core_ip_src_conv_core/u_Subsystem1/Sum_of_Elements_stage9_add_temp_carry__2_i_1_n_3
    SLICE_X63Y21         LUT4 (Prop_lut4_I0_O)        0.279    12.545 r  design_1_i/conv_core_ip_0/U0/u_conv_core_ip_dut_inst/u_conv_core_ip_src_conv_core/u_Subsystem1/Sum_of_Elements_stage9_add_temp_carry__0_i_3/O
                         net (fo=1, routed)           0.000    12.545    design_1_i/conv_core_ip_0/U0/u_conv_core_ip_dut_inst/u_conv_core_ip_src_conv_core/u_Subsystem1/Sum_of_Elements_stage9_add_temp_carry__0_i_3_n_0
    SLICE_X63Y21         CARRY4 (Prop_carry4_S[1]_CO[3])
                                                      0.412    12.957 r  design_1_i/conv_core_ip_0/U0/u_conv_core_ip_dut_inst/u_conv_core_ip_src_conv_core/u_Subsystem1/Sum_of_Elements_stage9_add_temp_carry__0/CO[3]
                         net (fo=1, routed)           0.000    12.957    design_1_i/conv_core_ip_0/U0/u_conv_core_ip_dut_inst/u_conv_core_ip_src_conv_core/u_Subsystem1/Sum_of_Elements_stage9_add_temp_carry__0_n_0
    SLICE_X63Y22         CARRY4 (Prop_carry4_CI_O[3])
                                                      0.234    13.191 r  design_1_i/conv_core_ip_0/U0/u_conv_core_ip_dut_inst/u_conv_core_ip_src_conv_core/u_Subsystem1/Sum_of_Elements_stage9_add_temp_carry__1/O[3]
                         net (fo=1, routed)           0.718    13.909    design_1_i/conv_core_ip_0/U0/u_conv_core_ip_dut_inst/u_conv_core_ip_src_conv_core/u_Subsystem1/Sum_of_Elements_stage9_add_temp_carry__1_n_4
    SLICE_X62Y22         LUT6 (Prop_lut6_I0_O)        0.234    14.143 r  design_1_i/conv_core_ip_0/U0/u_conv_core_ip_dut_inst/u_conv_core_ip_src_conv_core/u_Subsystem1/Delay2_out1[31]_i_3/O
                         net (fo=8, routed)           0.241    14.384    design_1_i/conv_core_ip_0/U0/u_conv_core_ip_dut_inst/u_conv_core_ip_src_conv_core/u_Subsystem1/Delay2_out1[31]_i_3_n_0
    SLICE_X62Y21         LUT6 (Prop_lut6_I3_O)        0.097    14.481 r  design_1_i/conv_core_ip_0/U0/u_conv_core_ip_dut_inst/u_conv_core_ip_src_conv_core/u_Subsystem1/Delay2_out1[31]_i_1/O
                         net (fo=1, routed)           0.000    14.481    design_1_i/conv_core_ip_0/U0/u_conv_core_ip_dut_inst/u_conv_core_ip_src_conv_core/u_Subsystem1/Sum_of_Elements_out1[7]
    SLICE_X62Y21         FDRE                                         r  design_1_i/conv_core_ip_0/U0/u_conv_core_ip_dut_inst/u_conv_core_ip_src_conv_core/u_Subsystem1/Delay2_out1_reg[31]/D
  -------------------------------------------------------------------    -------------------

                         (clock clk_fpga_0 rise edge)
                                                     20.000    20.000 r  
    PS7_X0Y0             PS7                          0.000    20.000 r  design_1_i/processing_system7_0/inst/PS7_i/FCLKCLK[0]
                         net (fo=1, routed)           0.786    20.786    design_1_i/processing_system7_0/inst/FCLK_CLK_unbuffered[0]
    BUFGCTRL_X0Y16       BUFG (Prop_bufg_I_O)         0.072    20.858 r  design_1_i/processing_system7_0/inst/buffer_fclk_clk_0.FCLK_CLK_0_BUFG/O
                         net (fo=15086, routed)       1.169    22.027    design_1_i/conv_core_ip_0/U0/u_conv_core_ip_dut_inst/u_conv_core_ip_src_conv_core/u_Subsystem1/IPCORE_CLK
    SLICE_X62Y21         FDRE                                         r  design_1_i/conv_core_ip_0/U0/u_conv_core_ip_dut_inst/u_conv_core_ip_src_conv_core/u_Subsystem1/Delay2_out1_reg[31]/C
                         clock pessimism              0.171    22.198    
                         clock uncertainty           -0.302    21.896    
    SLICE_X62Y21         FDRE (Setup_fdre_C_D)        0.072    21.968    design_1_i/conv_core_ip_0/U0/u_conv_core_ip_dut_inst/u_conv_core_ip_src_conv_core/u_Subsystem1/Delay2_out1_reg[31]
  -------------------------------------------------------------------
                         required time                         21.968    
                         arrival time                         -14.481    
  -------------------------------------------------------------------
                         slack                                  7.487    

Slack (MET) :             7.584ns  (required time - arrival time)
  Source:                 design_1_i/conv_core_ip_0/U0/u_conv_core_ip_dut_inst/u_conv_core_ip_src_conv_core/u_Subsystem1/Delay1_out1_reg[0][13]/C
                            (rising edge-triggered cell FDRE clocked by clk_fpga_0  {rise@0.000ns fall@10.000ns period=20.000ns})
  Destination:            design_1_i/conv_core_ip_0/U0/u_conv_core_ip_dut_inst/u_conv_core_ip_src_conv_core/u_Subsystem1/Delay2_out1_reg[24]/D
                            (rising edge-triggered cell FDRE clocked by clk_fpga_0  {rise@0.000ns fall@10.000ns period=20.000ns})
  Path Group:             clk_fpga_0
  Path Type:              Setup (Max at Slow Process Corner)
  Requirement:            20.000ns  (clk_fpga_0 rise@20.000ns - clk_fpga_0 rise@0.000ns)
  Data Path Delay:        12.135ns  (logic 7.030ns (57.930%)  route 5.105ns (42.070%))
  Logic Levels:           28  (CARRY4=18 LUT2=6 LUT4=1 LUT5=1 LUT6=2)
  Clock Path Skew:        -0.048ns (DCD - SCD + CPR)
    Destination Clock Delay (DCD):    2.027ns = ( 22.027 - 20.000 ) 
    Source Clock Delay      (SCD):    2.246ns
    Clock Pessimism Removal (CPR):    0.171ns
  Clock Uncertainty:      0.302ns  ((TSJ^2 + TIJ^2)^1/2 + DJ) / 2 + PE
    Total System Jitter     (TSJ):    0.071ns
    Total Input Jitter      (TIJ):    0.600ns
    Discrete Jitter          (DJ):    0.000ns
    Phase Error              (PE):    0.000ns

    Location             Delay type                Incr(ns)  Path(ns)    Netlist Resource(s)
  -------------------------------------------------------------------    -------------------
                         (clock clk_fpga_0 rise edge)
                                                      0.000     0.000 r  
    PS7_X0Y0             PS7                          0.000     0.000 r  design_1_i/processing_system7_0/inst/PS7_i/FCLKCLK[0]
                         net (fo=1, routed)           0.863     0.863    design_1_i/processing_system7_0/inst/FCLK_CLK_unbuffered[0]
    BUFGCTRL_X0Y16       BUFG (Prop_bufg_I_O)         0.079     0.942 r  design_1_i/processing_system7_0/inst/buffer_fclk_clk_0.FCLK_CLK_0_BUFG/O
                         net (fo=15086, routed)       1.304     2.246    design_1_i/conv_core_ip_0/U0/u_conv_core_ip_dut_inst/u_conv_core_ip_src_conv_core/u_Subsystem1/IPCORE_CLK
    SLICE_X57Y23         FDRE                                         r  design_1_i/conv_core_ip_0/U0/u_conv_core_ip_dut_inst/u_conv_core_ip_src_conv_core/u_Subsystem1/Delay1_out1_reg[0][13]/C
  -------------------------------------------------------------------    -------------------
    SLICE_X57Y23         FDRE (Prop_fdre_C_Q)         0.341     2.587 r  design_1_i/conv_core_ip_0/U0/u_conv_core_ip_dut_inst/u_conv_core_ip_src_conv_core/u_Subsystem1/Delay1_out1_reg[0][13]/Q
                         net (fo=4, routed)           0.628     3.215    design_1_i/conv_core_ip_0/U0/u_conv_core_ip_dut_inst/u_conv_core_ip_src_conv_core/u_Subsystem1/Delay1_out1_reg_n_0_[0][13]
    SLICE_X52Y23         LUT2 (Prop_lut2_I0_O)        0.097     3.312 r  design_1_i/conv_core_ip_0/U0/u_conv_core_ip_dut_inst/u_conv_core_ip_src_conv_core/u_Subsystem1/Sum_of_Elements_stage2_add_temp_carry_i_3/O
                         net (fo=1, routed)           0.000     3.312    design_1_i/conv_core_ip_0/U0/u_conv_core_ip_dut_inst/u_conv_core_ip_src_conv_core/u_Subsystem1/Sum_of_Elements_stage2_add_temp_carry_i_3_n_0
    SLICE_X52Y23         CARRY4 (Prop_carry4_S[1]_CO[3])
                                                      0.412     3.724 r  design_1_i/conv_core_ip_0/U0/u_conv_core_ip_dut_inst/u_conv_core_ip_src_conv_core/u_Subsystem1/Sum_of_Elements_stage2_add_temp_carry/CO[3]
                         net (fo=1, routed)           0.000     3.724    design_1_i/conv_core_ip_0/U0/u_conv_core_ip_dut_inst/u_conv_core_ip_src_conv_core/u_Subsystem1/Sum_of_Elements_stage2_add_temp_carry_n_0
    SLICE_X52Y24         CARRY4 (Prop_carry4_CI_O[0])
                                                      0.159     3.883 r  design_1_i/conv_core_ip_0/U0/u_conv_core_ip_dut_inst/u_conv_core_ip_src_conv_core/u_Subsystem1/Sum_of_Elements_stage2_add_temp_carry__0/O[0]
                         net (fo=2, routed)           0.442     4.325    design_1_i/conv_core_ip_0/U0/u_conv_core_ip_dut_inst/u_conv_core_ip_src_conv_core/u_Subsystem1/Sum_of_Elements_stage2_add_temp_carry__0_n_7
    SLICE_X53Y24         LUT2 (Prop_lut2_I0_O)        0.224     4.549 r  design_1_i/conv_core_ip_0/U0/u_conv_core_ip_dut_inst/u_conv_core_ip_src_conv_core/u_Subsystem1/Sum_of_Elements_stage3_add_temp_carry__0_i_3/O
                         net (fo=1, routed)           0.000     4.549    design_1_i/conv_core_ip_0/U0/u_conv_core_ip_dut_inst/u_conv_core_ip_src_conv_core/u_Subsystem1/Sum_of_Elements_stage3_add_temp_carry__0_i_3_n_0
    SLICE_X53Y24         CARRY4 (Prop_carry4_S[1]_CO[3])
                                                      0.412     4.961 r  design_1_i/conv_core_ip_0/U0/u_conv_core_ip_dut_inst/u_conv_core_ip_src_conv_core/u_Subsystem1/Sum_of_Elements_stage3_add_temp_carry__0/CO[3]
                         net (fo=1, routed)           0.007     4.968    design_1_i/conv_core_ip_0/U0/u_conv_core_ip_dut_inst/u_conv_core_ip_src_conv_core/u_Subsystem1/Sum_of_Elements_stage3_add_temp_carry__0_n_0
    SLICE_X53Y25         CARRY4 (Prop_carry4_CI_O[0])
                                                      0.159     5.127 r  design_1_i/conv_core_ip_0/U0/u_conv_core_ip_dut_inst/u_conv_core_ip_src_conv_core/u_Subsystem1/Sum_of_Elements_stage3_add_temp_carry__1/O[0]
                         net (fo=2, routed)           0.429     5.557    design_1_i/conv_core_ip_0/U0/u_conv_core_ip_dut_inst/u_conv_core_ip_src_conv_core/u_Subsystem1/Sum_of_Elements_stage3_add_temp_carry__1_n_7
    SLICE_X54Y24         LUT2 (Prop_lut2_I0_O)        0.224     5.781 r  design_1_i/conv_core_ip_0/U0/u_conv_core_ip_dut_inst/u_conv_core_ip_src_conv_core/u_Subsystem1/Sum_of_Elements_stage6_add_temp_carry__0_i_6/O
                         net (fo=1, routed)           0.000     5.781    design_1_i/conv_core_ip_0/U0/u_conv_core_ip_dut_inst/u_conv_core_ip_src_conv_core/u_Subsystem1/Sum_of_Elements_stage6_add_temp_carry__0_i_6_n_0
    SLICE_X54Y24         CARRY4 (Prop_carry4_S[3]_CO[3])
                                                      0.284     6.065 r  design_1_i/conv_core_ip_0/U0/u_conv_core_ip_dut_inst/u_conv_core_ip_src_conv_core/u_Subsystem1/Sum_of_Elements_stage6_add_temp_carry__0_i_1/CO[3]
                         net (fo=1, routed)           0.007     6.072    design_1_i/conv_core_ip_0/U0/u_conv_core_ip_dut_inst/u_conv_core_ip_src_conv_core/u_Subsystem1/Sum_of_Elements_stage6_add_temp_carry__0_i_1_n_0
    SLICE_X54Y25         CARRY4 (Prop_carry4_CI_O[1])
                                                      0.223     6.295 r  design_1_i/conv_core_ip_0/U0/u_conv_core_ip_dut_inst/u_conv_core_ip_src_conv_core/u_Subsystem1/Sum_of_Elements_stage6_add_temp_carry__1_i_1/O[1]
                         net (fo=3, routed)           0.465     6.760    design_1_i/conv_core_ip_0/U0/u_conv_core_ip_dut_inst/u_conv_core_ip_src_conv_core/u_Subsystem1/Sum_of_Elements_stage6_add_temp_carry__1_i_1_n_6
    SLICE_X56Y24         LUT2 (Prop_lut2_I1_O)        0.216     6.976 r  design_1_i/conv_core_ip_0/U0/u_conv_core_ip_dut_inst/u_conv_core_ip_src_conv_core/u_Subsystem1/Sum_of_Elements_stage6_add_temp_carry__1_i_4/O
                         net (fo=1, routed)           0.000     6.976    design_1_i/conv_core_ip_0/U0/u_conv_core_ip_dut_inst/u_conv_core_ip_src_conv_core/u_Subsystem1/Sum_of_Elements_stage6_add_temp_carry__1_i_4_n_0
    SLICE_X56Y24         CARRY4 (Prop_carry4_S[1]_O[3])
                                                      0.477     7.453 r  design_1_i/conv_core_ip_0/U0/u_conv_core_ip_dut_inst/u_conv_core_ip_src_conv_core/u_Subsystem1/Sum_of_Elements_stage6_add_temp_carry__1/O[3]
                         net (fo=3, routed)           0.415     7.868    design_1_i/conv_core_ip_0/U0/u_conv_core_ip_dut_inst/u_conv_core_ip_src_conv_core/u_Subsystem1/Sum_of_Elements_op_stage4[24]
    SLICE_X59Y24         LUT2 (Prop_lut2_I1_O)        0.234     8.102 r  design_1_i/conv_core_ip_0/U0/u_conv_core_ip_dut_inst/u_conv_core_ip_src_conv_core/u_Subsystem1/Sum_of_Elements_stage6_add_temp__38_carry__1_i_2/O
                         net (fo=1, routed)           0.000     8.102    design_1_i/conv_core_ip_0/U0/u_conv_core_ip_dut_inst/u_conv_core_ip_src_conv_core/u_Subsystem1/Sum_of_Elements_stage6_add_temp__38_carry__1_i_2_n_0
    SLICE_X59Y24         CARRY4 (Prop_carry4_S[3]_CO[3])
                                                      0.299     8.401 r  design_1_i/conv_core_ip_0/U0/u_conv_core_ip_dut_inst/u_conv_core_ip_src_conv_core/u_Subsystem1/Sum_of_Elements_stage6_add_temp__38_carry__1/CO[3]
                         net (fo=1, routed)           0.007     8.409    design_1_i/conv_core_ip_0/U0/u_conv_core_ip_dut_inst/u_conv_core_ip_src_conv_core/u_Subsystem1/Sum_of_Elements_stage6_add_temp__38_carry__1_n_0
    SLICE_X59Y25         CARRY4 (Prop_carry4_CI_O[1])
                                                      0.230     8.639 r  design_1_i/conv_core_ip_0/U0/u_conv_core_ip_dut_inst/u_conv_core_ip_src_conv_core/u_Subsystem1/Sum_of_Elements_stage6_add_temp__38_carry__2/O[1]
                         net (fo=3, routed)           0.331     8.969    design_1_i/conv_core_ip_0/U0/u_conv_core_ip_dut_inst/u_conv_core_ip_src_conv_core/u_Subsystem1/Sum_of_Elements_stage6_add_temp__38_carry__2_n_6
    SLICE_X58Y24         LUT2 (Prop_lut2_I0_O)        0.225     9.194 r  design_1_i/conv_core_ip_0/U0/u_conv_core_ip_dut_inst/u_conv_core_ip_src_conv_core/u_Subsystem1/Sum_of_Elements_stage7_add_temp_carry__2_i_1/O
                         net (fo=1, routed)           0.000     9.194    design_1_i/conv_core_ip_0/U0/u_conv_core_ip_dut_inst/u_conv_core_ip_src_conv_core/u_Subsystem1/Sum_of_Elements_stage7_add_temp_carry__2_i_1_n_0
    SLICE_X58Y24         CARRY4 (Prop_carry4_S[3]_CO[3])
                                                      0.284     9.478 r  design_1_i/conv_core_ip_0/U0/u_conv_core_ip_dut_inst/u_conv_core_ip_src_conv_core/u_Subsystem1/Sum_of_Elements_stage7_add_temp_carry__2/CO[3]
                         net (fo=1, routed)           0.007     9.486    design_1_i/conv_core_ip_0/U0/u_conv_core_ip_dut_inst/u_conv_core_ip_src_conv_core/u_Subsystem1/Sum_of_Elements_stage7_add_temp_carry__2_n_0
    SLICE_X58Y25         CARRY4 (Prop_carry4_CI_CO[0])
                                                      0.184     9.670 r  design_1_i/conv_core_ip_0/U0/u_conv_core_ip_dut_inst/u_conv_core_ip_src_conv_core/u_Subsystem1/Sum_of_Elements_stage8_add_temp_carry__2_i_1/CO[0]
                         net (fo=33, routed)          0.408    10.078    design_1_i/conv_core_ip_0/U0/u_conv_core_ip_dut_inst/u_conv_core_ip_src_conv_core/u_Subsystem1/Sum_of_Elements_stage8_add_temp_carry__2_i_1_n_3
    SLICE_X61Y21         LUT5 (Prop_lut5_I4_O)        0.262    10.340 r  design_1_i/conv_core_ip_0/U0/u_conv_core_ip_dut_inst/u_conv_core_ip_src_conv_core/u_Subsystem1/Sum_of_Elements_stage8_add_temp_carry_i_4/O
                         net (fo=1, routed)           0.422    10.763    design_1_i/conv_core_ip_0/U0/u_conv_core_ip_dut_inst/u_conv_core_ip_src_conv_core/u_Subsystem1/Sum_of_Elements_stage8_add_temp_carry_i_4_n_0
    SLICE_X60Y21         CARRY4 (Prop_carry4_DI[1]_CO[3])
                                                      0.374    11.137 r  design_1_i/conv_core_ip_0/U0/u_conv_core_ip_dut_inst/u_conv_core_ip_src_conv_core/u_Subsystem1/Sum_of_Elements_stage8_add_temp_carry/CO[3]
                         net (fo=1, routed)           0.000    11.137    design_1_i/conv_core_ip_0/U0/u_conv_core_ip_dut_inst/u_conv_core_ip_src_conv_core/u_Subsystem1/Sum_of_Elements_stage8_add_temp_carry_n_0
    SLICE_X60Y22         CARRY4 (Prop_carry4_CI_CO[3])
                                                      0.089    11.226 r  design_1_i/conv_core_ip_0/U0/u_conv_core_ip_dut_inst/u_conv_core_ip_src_conv_core/u_Subsystem1/Sum_of_Elements_stage8_add_temp_carry__0/CO[3]
                         net (fo=1, routed)           0.000    11.226    design_1_i/conv_core_ip_0/U0/u_conv_core_ip_dut_inst/u_conv_core_ip_src_conv_core/u_Subsystem1/Sum_of_Elements_stage8_add_temp_carry__0_n_0
    SLICE_X60Y23         CARRY4 (Prop_carry4_CI_CO[3])
                                                      0.089    11.315 r  design_1_i/conv_core_ip_0/U0/u_conv_core_ip_dut_inst/u_conv_core_ip_src_conv_core/u_Subsystem1/Sum_of_Elements_stage8_add_temp_carry__1/CO[3]
                         net (fo=1, routed)           0.000    11.315    design_1_i/conv_core_ip_0/U0/u_conv_core_ip_dut_inst/u_conv_core_ip_src_conv_core/u_Subsystem1/Sum_of_Elements_stage8_add_temp_carry__1_n_0
    SLICE_X60Y24         CARRY4 (Prop_carry4_CI_CO[3])
                                                      0.089    11.404 r  design_1_i/conv_core_ip_0/U0/u_conv_core_ip_dut_inst/u_conv_core_ip_src_conv_core/u_Subsystem1/Sum_of_Elements_stage8_add_temp_carry__2/CO[3]
                         net (fo=1, routed)           0.007    11.411    design_1_i/conv_core_ip_0/U0/u_conv_core_ip_dut_inst/u_conv_core_ip_src_conv_core/u_Subsystem1/Sum_of_Elements_stage8_add_temp_carry__2_n_0
    SLICE_X60Y25         CARRY4 (Prop_carry4_CI_CO[0])
                                                      0.187    11.598 r  design_1_i/conv_core_ip_0/U0/u_conv_core_ip_dut_inst/u_conv_core_ip_src_conv_core/u_Subsystem1/Sum_of_Elements_stage9_add_temp_carry__2_i_1/CO[0]
                         net (fo=22, routed)          0.668    12.266    design_1_i/conv_core_ip_0/U0/u_conv_core_ip_dut_inst/u_conv_core_ip_src_conv_core/u_Subsystem1/Sum_of_Elements_stage9_add_temp_carry__2_i_1_n_3
    SLICE_X63Y21         LUT4 (Prop_lut4_I0_O)        0.279    12.545 r  design_1_i/conv_core_ip_0/U0/u_conv_core_ip_dut_inst/u_conv_core_ip_src_conv_core/u_Subsystem1/Sum_of_Elements_stage9_add_temp_carry__0_i_3/O
                         net (fo=1, routed)           0.000    12.545    design_1_i/conv_core_ip_0/U0/u_conv_core_ip_dut_inst/u_conv_core_ip_src_conv_core/u_Subsystem1/Sum_of_Elements_stage9_add_temp_carry__0_i_3_n_0
    SLICE_X63Y21         CARRY4 (Prop_carry4_S[1]_CO[3])
                                                      0.412    12.957 r  design_1_i/conv_core_ip_0/U0/u_conv_core_ip_dut_inst/u_conv_core_ip_src_conv_core/u_Subsystem1/Sum_of_Elements_stage9_add_temp_carry__0/CO[3]
                         net (fo=1, routed)           0.000    12.957    design_1_i/conv_core_ip_0/U0/u_conv_core_ip_dut_inst/u_conv_core_ip_src_conv_core/u_Subsystem1/Sum_of_Elements_stage9_add_temp_carry__0_n_0
    SLICE_X63Y22         CARRY4 (Prop_carry4_CI_O[3])
                                                      0.234    13.191 r  design_1_i/conv_core_ip_0/U0/u_conv_core_ip_dut_inst/u_conv_core_ip_src_conv_core/u_Subsystem1/Sum_of_Elements_stage9_add_temp_carry__1/O[3]
                         net (fo=1, routed)           0.718    13.909    design_1_i/conv_core_ip_0/U0/u_conv_core_ip_dut_inst/u_conv_core_ip_src_conv_core/u_Subsystem1/Sum_of_Elements_stage9_add_temp_carry__1_n_4
    SLICE_X62Y22         LUT6 (Prop_lut6_I0_O)        0.234    14.143 r  design_1_i/conv_core_ip_0/U0/u_conv_core_ip_dut_inst/u_conv_core_ip_src_conv_core/u_Subsystem1/Delay2_out1[31]_i_3/O
                         net (fo=8, routed)           0.141    14.284    design_1_i/conv_core_ip_0/U0/u_conv_core_ip_dut_inst/u_conv_core_ip_src_conv_core/u_Subsystem1/Delay2_out1[31]_i_3_n_0
    SLICE_X62Y22         LUT6 (Prop_lut6_I3_O)        0.097    14.381 r  design_1_i/conv_core_ip_0/U0/u_conv_core_ip_dut_inst/u_conv_core_ip_src_conv_core/u_Subsystem1/Delay2_out1[24]_i_1/O
                         net (fo=1, routed)           0.000    14.381    design_1_i/conv_core_ip_0/U0/u_conv_core_ip_dut_inst/u_conv_core_ip_src_conv_core/u_Subsystem1/Sum_of_Elements_out1[0]
    SLICE_X62Y22         FDRE                                         r  design_1_i/conv_core_ip_0/U0/u_conv_core_ip_dut_inst/u_conv_core_ip_src_conv_core/u_Subsystem1/Delay2_out1_reg[24]/D
  -------------------------------------------------------------------    -------------------

                         (clock clk_fpga_0 rise edge)
                                                     20.000    20.000 r  
    PS7_X0Y0             PS7                          0.000    20.000 r  design_1_i/processing_system7_0/inst/PS7_i/FCLKCLK[0]
                         net (fo=1, routed)           0.786    20.786    design_1_i/processing_system7_0/inst/FCLK_CLK_unbuffered[0]
    BUFGCTRL_X0Y16       BUFG (Prop_bufg_I_O)         0.072    20.858 r  design_1_i/processing_system7_0/inst/buffer_fclk_clk_0.FCLK_CLK_0_BUFG/O
                         net (fo=15086, routed)       1.169    22.027    design_1_i/conv_core_ip_0/U0/u_conv_core_ip_dut_inst/u_conv_core_ip_src_conv_core/u_Subsystem1/IPCORE_CLK
    SLICE_X62Y22         FDRE                                         r  design_1_i/conv_core_ip_0/U0/u_conv_core_ip_dut_inst/u_conv_core_ip_src_conv_core/u_Subsystem1/Delay2_out1_reg[24]/C
                         clock pessimism              0.171    22.198    
                         clock uncertainty           -0.302    21.896    
    SLICE_X62Y22         FDRE (Setup_fdre_C_D)        0.069    21.965    design_1_i/conv_core_ip_0/U0/u_conv_core_ip_dut_inst/u_conv_core_ip_src_conv_core/u_Subsystem1/Delay2_out1_reg[24]
  -------------------------------------------------------------------
                         required time                         21.965    
                         arrival time                         -14.381    
  -------------------------------------------------------------------
                         slack                                  7.584    

Slack (MET) :             7.590ns  (required time - arrival time)
  Source:                 design_1_i/conv_core_ip_0/U0/u_conv_core_ip_dut_inst/u_conv_core_ip_src_conv_core/u_Subsystem1/Delay1_out1_reg[0][13]/C
                            (rising edge-triggered cell FDRE clocked by clk_fpga_0  {rise@0.000ns fall@10.000ns period=20.000ns})
  Destination:            design_1_i/conv_core_ip_0/U0/u_conv_core_ip_dut_inst/u_conv_core_ip_src_conv_core/u_Subsystem1/Delay2_out1_reg[30]/D
                            (rising edge-triggered cell FDRE clocked by clk_fpga_0  {rise@0.000ns fall@10.000ns period=20.000ns})
  Path Group:             clk_fpga_0
  Path Type:              Setup (Max at Slow Process Corner)
  Requirement:            20.000ns  (clk_fpga_0 rise@20.000ns - clk_fpga_0 rise@0.000ns)
  Data Path Delay:        12.132ns  (logic 7.030ns (57.945%)  route 5.102ns (42.055%))
  Logic Levels:           28  (CARRY4=18 LUT2=6 LUT4=1 LUT5=1 LUT6=2)
  Clock Path Skew:        -0.048ns (DCD - SCD + CPR)
    Destination Clock Delay (DCD):    2.027ns = ( 22.027 - 20.000 ) 
    Source Clock Delay      (SCD):    2.246ns
    Clock Pessimism Removal (CPR):    0.171ns
  Clock Uncertainty:      0.302ns  ((TSJ^2 + TIJ^2)^1/2 + DJ) / 2 + PE
    Total System Jitter     (TSJ):    0.071ns
    Total Input Jitter      (TIJ):    0.600ns
    Discrete Jitter          (DJ):    0.000ns
    Phase Error              (PE):    0.000ns

    Location             Delay type                Incr(ns)  Path(ns)    Netlist Resource(s)
  -------------------------------------------------------------------    -------------------
                         (clock clk_fpga_0 rise edge)
                                                      0.000     0.000 r  
    PS7_X0Y0             PS7                          0.000     0.000 r  design_1_i/processing_system7_0/inst/PS7_i/FCLKCLK[0]
                         net (fo=1, routed)           0.863     0.863    design_1_i/processing_system7_0/inst/FCLK_CLK_unbuffered[0]
    BUFGCTRL_X0Y16       BUFG (Prop_bufg_I_O)         0.079     0.942 r  design_1_i/processing_system7_0/inst/buffer_fclk_clk_0.FCLK_CLK_0_BUFG/O
                         net (fo=15086, routed)       1.304     2.246    design_1_i/conv_core_ip_0/U0/u_conv_core_ip_dut_inst/u_conv_core_ip_src_conv_core/u_Subsystem1/IPCORE_CLK
    SLICE_X57Y23         FDRE                                         r  design_1_i/conv_core_ip_0/U0/u_conv_core_ip_dut_inst/u_conv_core_ip_src_conv_core/u_Subsystem1/Delay1_out1_reg[0][13]/C
  -------------------------------------------------------------------    -------------------
    SLICE_X57Y23         FDRE (Prop_fdre_C_Q)         0.341     2.587 r  design_1_i/conv_core_ip_0/U0/u_conv_core_ip_dut_inst/u_conv_core_ip_src_conv_core/u_Subsystem1/Delay1_out1_reg[0][13]/Q
                         net (fo=4, routed)           0.628     3.215    design_1_i/conv_core_ip_0/U0/u_conv_core_ip_dut_inst/u_conv_core_ip_src_conv_core/u_Subsystem1/Delay1_out1_reg_n_0_[0][13]
    SLICE_X52Y23         LUT2 (Prop_lut2_I0_O)        0.097     3.312 r  design_1_i/conv_core_ip_0/U0/u_conv_core_ip_dut_inst/u_conv_core_ip_src_conv_core/u_Subsystem1/Sum_of_Elements_stage2_add_temp_carry_i_3/O
                         net (fo=1, routed)           0.000     3.312    design_1_i/conv_core_ip_0/U0/u_conv_core_ip_dut_inst/u_conv_core_ip_src_conv_core/u_Subsystem1/Sum_of_Elements_stage2_add_temp_carry_i_3_n_0
    SLICE_X52Y23         CARRY4 (Prop_carry4_S[1]_CO[3])
                                                      0.412     3.724 r  design_1_i/conv_core_ip_0/U0/u_conv_core_ip_dut_inst/u_conv_core_ip_src_conv_core/u_Subsystem1/Sum_of_Elements_stage2_add_temp_carry/CO[3]
                         net (fo=1, routed)           0.000     3.724    design_1_i/conv_core_ip_0/U0/u_conv_core_ip_dut_inst/u_conv_core_ip_src_conv_core/u_Subsystem1/Sum_of_Elements_stage2_add_temp_carry_n_0
    SLICE_X52Y24         CARRY4 (Prop_carry4_CI_O[0])
                                                      0.159     3.883 r  design_1_i/conv_core_ip_0/U0/u_conv_core_ip_dut_inst/u_conv_core_ip_src_conv_core/u_Subsystem1/Sum_of_Elements_stage2_add_temp_carry__0/O[0]
                         net (fo=2, routed)           0.442     4.325    design_1_i/conv_core_ip_0/U0/u_conv_core_ip_dut_inst/u_conv_core_ip_src_conv_core/u_Subsystem1/Sum_of_Elements_stage2_add_temp_carry__0_n_7
    SLICE_X53Y24         LUT2 (Prop_lut2_I0_O)        0.224     4.549 r  design_1_i/conv_core_ip_0/U0/u_conv_core_ip_dut_inst/u_conv_core_ip_src_conv_core/u_Subsystem1/Sum_of_Elements_stage3_add_temp_carry__0_i_3/O
                         net (fo=1, routed)           0.000     4.549    design_1_i/conv_core_ip_0/U0/u_conv_core_ip_dut_inst/u_conv_core_ip_src_conv_core/u_Subsystem1/Sum_of_Elements_stage3_add_temp_carry__0_i_3_n_0
    SLICE_X53Y24         CARRY4 (Prop_carry4_S[1]_CO[3])
                                                      0.412     4.961 r  design_1_i/conv_core_ip_0/U0/u_conv_core_ip_dut_inst/u_conv_core_ip_src_conv_core/u_Subsystem1/Sum_of_Elements_stage3_add_temp_carry__0/CO[3]
                         net (fo=1, routed)           0.007     4.968    design_1_i/conv_core_ip_0/U0/u_conv_core_ip_dut_inst/u_conv_core_ip_src_conv_core/u_Subsystem1/Sum_of_Elements_stage3_add_temp_carry__0_n_0
    SLICE_X53Y25         CARRY4 (Prop_carry4_CI_O[0])
                                                      0.159     5.127 r  design_1_i/conv_core_ip_0/U0/u_conv_core_ip_dut_inst/u_conv_core_ip_src_conv_core/u_Subsystem1/Sum_of_Elements_stage3_add_temp_carry__1/O[0]
                         net (fo=2, routed)           0.429     5.557    design_1_i/conv_core_ip_0/U0/u_conv_core_ip_dut_inst/u_conv_core_ip_src_conv_core/u_Subsystem1/Sum_of_Elements_stage3_add_temp_carry__1_n_7
    SLICE_X54Y24         LUT2 (Prop_lut2_I0_O)        0.224     5.781 r  design_1_i/conv_core_ip_0/U0/u_conv_core_ip_dut_inst/u_conv_core_ip_src_conv_core/u_Subsystem1/Sum_of_Elements_stage6_add_temp_carry__0_i_6/O
                         net (fo=1, routed)           0.000     5.781    design_1_i/conv_core_ip_0/U0/u_conv_core_ip_dut_inst/u_conv_core_ip_src_conv_core/u_Subsystem1/Sum_of_Elements_stage6_add_temp_carry__0_i_6_n_0
    SLICE_X54Y24         CARRY4 (Prop_carry4_S[3]_CO[3])
                                                      0.284     6.065 r  design_1_i/conv_core_ip_0/U0/u_conv_core_ip_dut_inst/u_conv_core_ip_src_conv_core/u_Subsystem1/Sum_of_Elements_stage6_add_temp_carry__0_i_1/CO[3]
                         net (fo=1, routed)           0.007     6.072    design_1_i/conv_core_ip_0/U0/u_conv_core_ip_dut_inst/u_conv_core_ip_src_conv_core/u_Subsystem1/Sum_of_Elements_stage6_add_temp_carry__0_i_1_n_0
    SLICE_X54Y25         CARRY4 (Prop_carry4_CI_O[1])
                                                      0.223     6.295 r  design_1_i/conv_core_ip_0/U0/u_conv_core_ip_dut_inst/u_conv_core_ip_src_conv_core/u_Subsystem1/Sum_of_Elements_stage6_add_temp_carry__1_i_1/O[1]
                         net (fo=3, routed)           0.465     6.760    design_1_i/conv_core_ip_0/U0/u_conv_core_ip_dut_inst/u_conv_core_ip_src_conv_core/u_Subsystem1/Sum_of_Elements_stage6_add_temp_carry__1_i_1_n_6
    SLICE_X56Y24         LUT2 (Prop_lut2_I1_O)        0.216     6.976 r  design_1_i/conv_core_ip_0/U0/u_conv_core_ip_dut_inst/u_conv_core_ip_src_conv_core/u_Subsystem1/Sum_of_Elements_stage6_add_temp_carry__1_i_4/O
                         net (fo=1, routed)           0.000     6.976    design_1_i/conv_core_ip_0/U0/u_conv_core_ip_dut_inst/u_conv_core_ip_src_conv_core/u_Subsystem1/Sum_of_Elements_stage6_add_temp_carry__1_i_4_n_0
    SLICE_X56Y24         CARRY4 (Prop_carry4_S[1]_O[3])
                                                      0.477     7.453 r  design_1_i/conv_core_ip_0/U0/u_conv_core_ip_dut_inst/u_conv_core_ip_src_conv_core/u_Subsystem1/Sum_of_Elements_stage6_add_temp_carry__1/O[3]
                         net (fo=3, routed)           0.415     7.868    design_1_i/conv_core_ip_0/U0/u_conv_core_ip_dut_inst/u_conv_core_ip_src_conv_core/u_Subsystem1/Sum_of_Elements_op_stage4[24]
    SLICE_X59Y24         LUT2 (Prop_lut2_I1_O)        0.234     8.102 r  design_1_i/conv_core_ip_0/U0/u_conv_core_ip_dut_inst/u_conv_core_ip_src_conv_core/u_Subsystem1/Sum_of_Elements_stage6_add_temp__38_carry__1_i_2/O
                         net (fo=1, routed)           0.000     8.102    design_1_i/conv_core_ip_0/U0/u_conv_core_ip_dut_inst/u_conv_core_ip_src_conv_core/u_Subsystem1/Sum_of_Elements_stage6_add_temp__38_carry__1_i_2_n_0
    SLICE_X59Y24         CARRY4 (Prop_carry4_S[3]_CO[3])
                                                      0.299     8.401 r  design_1_i/conv_core_ip_0/U0/u_conv_core_ip_dut_inst/u_conv_core_ip_src_conv_core/u_Subsystem1/Sum_of_Elements_stage6_add_temp__38_carry__1/CO[3]
                         net (fo=1, routed)           0.007     8.409    design_1_i/conv_core_ip_0/U0/u_conv_core_ip_dut_inst/u_conv_core_ip_src_conv_core/u_Subsystem1/Sum_of_Elements_stage6_add_temp__38_carry__1_n_0
    SLICE_X59Y25         CARRY4 (Prop_carry4_CI_O[1])
                                                      0.230     8.639 r  design_1_i/conv_core_ip_0/U0/u_conv_core_ip_dut_inst/u_conv_core_ip_src_conv_core/u_Subsystem1/Sum_of_Elements_stage6_add_temp__38_carry__2/O[1]
                         net (fo=3, routed)           0.331     8.969    design_1_i/conv_core_ip_0/U0/u_conv_core_ip_dut_inst/u_conv_core_ip_src_conv_core/u_Subsystem1/Sum_of_Elements_stage6_add_temp__38_carry__2_n_6
    SLICE_X58Y24         LUT2 (Prop_lut2_I0_O)        0.225     9.194 r  design_1_i/conv_core_ip_0/U0/u_conv_core_ip_dut_inst/u_conv_core_ip_src_conv_core/u_Subsystem1/Sum_of_Elements_stage7_add_temp_carry__2_i_1/O
                         net (fo=1, routed)           0.000     9.194    design_1_i/conv_core_ip_0/U0/u_conv_core_ip_dut_inst/u_conv_core_ip_src_conv_core/u_Subsystem1/Sum_of_Elements_stage7_add_temp_carry__2_i_1_n_0
    SLICE_X58Y24         CARRY4 (Prop_carry4_S[3]_CO[3])
                                                      0.284     9.478 r  design_1_i/conv_core_ip_0/U0/u_conv_core_ip_dut_inst/u_conv_core_ip_src_conv_core/u_Subsystem1/Sum_of_Elements_stage7_add_temp_carry__2/CO[3]
                         net (fo=1, routed)           0.007     9.486    design_1_i/conv_core_ip_0/U0/u_conv_core_ip_dut_inst/u_conv_core_ip_src_conv_core/u_Subsystem1/Sum_of_Elements_stage7_add_temp_carry__2_n_0
    SLICE_X58Y25         CARRY4 (Prop_carry4_CI_CO[0])
                                                      0.184     9.670 r  design_1_i/conv_core_ip_0/U0/u_conv_core_ip_dut_inst/u_conv_core_ip_src_conv_core/u_Subsystem1/Sum_of_Elements_stage8_add_temp_carry__2_i_1/CO[0]
                         net (fo=33, routed)          0.408    10.078    design_1_i/conv_core_ip_0/U0/u_conv_core_ip_dut_inst/u_conv_core_ip_src_conv_core/u_Subsystem1/Sum_of_Elements_stage8_add_temp_carry__2_i_1_n_3
    SLICE_X61Y21         LUT5 (Prop_lut5_I4_O)        0.262    10.340 r  design_1_i/conv_core_ip_0/U0/u_conv_core_ip_dut_inst/u_conv_core_ip_src_conv_core/u_Subsystem1/Sum_of_Elements_stage8_add_temp_carry_i_4/O
                         net (fo=1, routed)           0.422    10.763    design_1_i/conv_core_ip_0/U0/u_conv_core_ip_dut_inst/u_conv_core_ip_src_conv_core/u_Subsystem1/Sum_of_Elements_stage8_add_temp_carry_i_4_n_0
    SLICE_X60Y21         CARRY4 (Prop_carry4_DI[1]_CO[3])
                                                      0.374    11.137 r  design_1_i/conv_core_ip_0/U0/u_conv_core_ip_dut_inst/u_conv_core_ip_src_conv_core/u_Subsystem1/Sum_of_Elements_stage8_add_temp_carry/CO[3]
                         net (fo=1, routed)           0.000    11.137    design_1_i/conv_core_ip_0/U0/u_conv_core_ip_dut_inst/u_conv_core_ip_src_conv_core/u_Subsystem1/Sum_of_Elements_stage8_add_temp_carry_n_0
    SLICE_X60Y22         CARRY4 (Prop_carry4_CI_CO[3])
                                                      0.089    11.226 r  design_1_i/conv_core_ip_0/U0/u_conv_core_ip_dut_inst/u_conv_core_ip_src_conv_core/u_Subsystem1/Sum_of_Elements_stage8_add_temp_carry__0/CO[3]
                         net (fo=1, routed)           0.000    11.226    design_1_i/conv_core_ip_0/U0/u_conv_core_ip_dut_inst/u_conv_core_ip_src_conv_core/u_Subsystem1/Sum_of_Elements_stage8_add_temp_carry__0_n_0
    SLICE_X60Y23         CARRY4 (Prop_carry4_CI_CO[3])
                                                      0.089    11.315 r  design_1_i/conv_core_ip_0/U0/u_conv_core_ip_dut_inst/u_conv_core_ip_src_conv_core/u_Subsystem1/Sum_of_Elements_stage8_add_temp_carry__1/CO[3]
                         net (fo=1, routed)           0.000    11.315    design_1_i/conv_core_ip_0/U0/u_conv_core_ip_dut_inst/u_conv_core_ip_src_conv_core/u_Subsystem1/Sum_of_Elements_stage8_add_temp_carry__1_n_0
    SLICE_X60Y24         CARRY4 (Prop_carry4_CI_CO[3])
                                                      0.089    11.404 r  design_1_i/conv_core_ip_0/U0/u_conv_core_ip_dut_inst/u_conv_core_ip_src_conv_core/u_Subsystem1/Sum_of_Elements_stage8_add_temp_carry__2/CO[3]
                         net (fo=1, routed)           0.007    11.411    design_1_i/conv_core_ip_0/U0/u_conv_core_ip_dut_inst/u_conv_core_ip_src_conv_core/u_Subsystem1/Sum_of_Elements_stage8_add_temp_carry__2_n_0
    SLICE_X60Y25         CARRY4 (Prop_carry4_CI_CO[0])
                                                      0.187    11.598 r  design_1_i/conv_core_ip_0/U0/u_conv_core_ip_dut_inst/u_conv_core_ip_src_conv_core/u_Subsystem1/Sum_of_Elements_stage9_add_temp_carry__2_i_1/CO[0]
                         net (fo=22, routed)          0.668    12.266    design_1_i/conv_core_ip_0/U0/u_conv_core_ip_dut_inst/u_conv_core_ip_src_conv_core/u_Subsystem1/Sum_of_Elements_stage9_add_temp_carry__2_i_1_n_3
    SLICE_X63Y21         LUT4 (Prop_lut4_I0_O)        0.279    12.545 r  design_1_i/conv_core_ip_0/U0/u_conv_core_ip_dut_inst/u_conv_core_ip_src_conv_core/u_Subsystem1/Sum_of_Elements_stage9_add_temp_carry__0_i_3/O
                         net (fo=1, routed)           0.000    12.545    design_1_i/conv_core_ip_0/U0/u_conv_core_ip_dut_inst/u_conv_core_ip_src_conv_core/u_Subsystem1/Sum_of_Elements_stage9_add_temp_carry__0_i_3_n_0
    SLICE_X63Y21         CARRY4 (Prop_carry4_S[1]_CO[3])
                                                      0.412    12.957 r  design_1_i/conv_core_ip_0/U0/u_conv_core_ip_dut_inst/u_conv_core_ip_src_conv_core/u_Subsystem1/Sum_of_Elements_stage9_add_temp_carry__0/CO[3]
                         net (fo=1, routed)           0.000    12.957    design_1_i/conv_core_ip_0/U0/u_conv_core_ip_dut_inst/u_conv_core_ip_src_conv_core/u_Subsystem1/Sum_of_Elements_stage9_add_temp_carry__0_n_0
    SLICE_X63Y22         CARRY4 (Prop_carry4_CI_O[3])
                                                      0.234    13.191 r  design_1_i/conv_core_ip_0/U0/u_conv_core_ip_dut_inst/u_conv_core_ip_src_conv_core/u_Subsystem1/Sum_of_Elements_stage9_add_temp_carry__1/O[3]
                         net (fo=1, routed)           0.718    13.909    design_1_i/conv_core_ip_0/U0/u_conv_core_ip_dut_inst/u_conv_core_ip_src_conv_core/u_Subsystem1/Sum_of_Elements_stage9_add_temp_carry__1_n_4
    SLICE_X62Y22         LUT6 (Prop_lut6_I0_O)        0.234    14.143 r  design_1_i/conv_core_ip_0/U0/u_conv_core_ip_dut_inst/u_conv_core_ip_src_conv_core/u_Subsystem1/Delay2_out1[31]_i_3/O
                         net (fo=8, routed)           0.138    14.281    design_1_i/conv_core_ip_0/U0/u_conv_core_ip_dut_inst/u_conv_core_ip_src_conv_core/u_Subsystem1/Delay2_out1[31]_i_3_n_0
    SLICE_X62Y22         LUT6 (Prop_lut6_I3_O)        0.097    14.378 r  design_1_i/conv_core_ip_0/U0/u_conv_core_ip_dut_inst/u_conv_core_ip_src_conv_core/u_Subsystem1/Delay2_out1[30]_i_1/O
                         net (fo=1, routed)           0.000    14.378    design_1_i/conv_core_ip_0/U0/u_conv_core_ip_dut_inst/u_conv_core_ip_src_conv_core/u_Subsystem1/Sum_of_Elements_out1[6]
    SLICE_X62Y22         FDRE                                         r  design_1_i/conv_core_ip_0/U0/u_conv_core_ip_dut_inst/u_conv_core_ip_src_conv_core/u_Subsystem1/Delay2_out1_reg[30]/D
  -------------------------------------------------------------------    -------------------

                         (clock clk_fpga_0 rise edge)
                                                     20.000    20.000 r  
    PS7_X0Y0             PS7                          0.000    20.000 r  design_1_i/processing_system7_0/inst/PS7_i/FCLKCLK[0]
                         net (fo=1, routed)           0.786    20.786    design_1_i/processing_system7_0/inst/FCLK_CLK_unbuffered[0]
    BUFGCTRL_X0Y16       BUFG (Prop_bufg_I_O)         0.072    20.858 r  design_1_i/processing_system7_0/inst/buffer_fclk_clk_0.FCLK_CLK_0_BUFG/O
                         net (fo=15086, routed)       1.169    22.027    design_1_i/conv_core_ip_0/U0/u_conv_core_ip_dut_inst/u_conv_core_ip_src_conv_core/u_Subsystem1/IPCORE_CLK
    SLICE_X62Y22         FDRE                                         r  design_1_i/conv_core_ip_0/U0/u_conv_core_ip_dut_inst/u_conv_core_ip_src_conv_core/u_Subsystem1/Delay2_out1_reg[30]/C
                         clock pessimism              0.171    22.198    
                         clock uncertainty           -0.302    21.896    
    SLICE_X62Y22         FDRE (Setup_fdre_C_D)        0.072    21.968    design_1_i/conv_core_ip_0/U0/u_conv_core_ip_dut_inst/u_conv_core_ip_src_conv_core/u_Subsystem1/Delay2_out1_reg[30]
  -------------------------------------------------------------------
                         required time                         21.968    
                         arrival time                         -14.378    
  -------------------------------------------------------------------
                         slack                                  7.590    

Slack (MET) :             12.076ns  (required time - arrival time)
  Source:                 design_1_i/conv_core_ip_0/U0/u_conv_core_ip_reset_sync_inst/reset_out_reg/C
                            (rising edge-triggered cell FDRE clocked by clk_fpga_0  {rise@0.000ns fall@10.000ns period=20.000ns})
  Destination:            design_1_i/conv_core_ip_0/U0/u_conv_core_ip_axi4_stream_video_slave_inst/u_conv_core_ip_conv_core_ip_axi4_stream_video_slave_conv_core_ip_adapter_in/u_conv_core_ip_conv_core_ip_axi4_stream_video_slave_conv_core_ip_adapter_in_conv_core_ip_adapter_in_module/data_out_tmp_reg[28]/R
                            (rising edge-triggered cell FDRE clocked by clk_fpga_0  {rise@0.000ns fall@10.000ns period=20.000ns})
  Path Group:             clk_fpga_0
  Path Type:              Setup (Max at Slow Process Corner)
  Requirement:            20.000ns  (clk_fpga_0 rise@20.000ns - clk_fpga_0 rise@0.000ns)
  Data Path Delay:        7.258ns  (logic 0.438ns (6.035%)  route 6.820ns (93.965%))
  Logic Levels:           1  (LUT5=1)
  Clock Path Skew:        -0.050ns (DCD - SCD + CPR)
    Destination Clock Delay (DCD):    1.968ns = ( 21.968 - 20.000 ) 
    Source Clock Delay      (SCD):    2.189ns
    Clock Pessimism Removal (CPR):    0.171ns
  Clock Uncertainty:      0.302ns  ((TSJ^2 + TIJ^2)^1/2 + DJ) / 2 + PE
    Total System Jitter     (TSJ):    0.071ns
    Total Input Jitter      (TIJ):    0.600ns
    Discrete Jitter          (DJ):    0.000ns
    Phase Error              (PE):    0.000ns

    Location             Delay type                Incr(ns)  Path(ns)    Netlist Resource(s)
  -------------------------------------------------------------------    -------------------
                         (clock clk_fpga_0 rise edge)
                                                      0.000     0.000 r  
    PS7_X0Y0             PS7                          0.000     0.000 r  design_1_i/processing_system7_0/inst/PS7_i/FCLKCLK[0]
                         net (fo=1, routed)           0.863     0.863    design_1_i/processing_system7_0/inst/FCLK_CLK_unbuffered[0]
    BUFGCTRL_X0Y16       BUFG (Prop_bufg_I_O)         0.079     0.942 r  design_1_i/processing_system7_0/inst/buffer_fclk_clk_0.FCLK_CLK_0_BUFG/O
                         net (fo=15086, routed)       1.247     2.189    design_1_i/conv_core_ip_0/U0/u_conv_core_ip_reset_sync_inst/IPCORE_CLK
    SLICE_X53Y24         FDRE                                         r  design_1_i/conv_core_ip_0/U0/u_conv_core_ip_reset_sync_inst/reset_out_reg/C
  -------------------------------------------------------------------    -------------------
    SLICE_X53Y24         FDRE (Prop_fdre_C_Q)         0.341     2.530 r  design_1_i/conv_core_ip_0/U0/u_conv_core_ip_reset_sync_inst/reset_out_reg/Q
                         net (fo=571, routed)         5.253     7.783    design_1_i/conv_core_ip_0/U0/u_conv_core_ip_axi4_stream_video_slave_inst/u_conv_core_ip_conv_core_ip_axi4_stream_video_slave_conv_core_ip_adapter_in/u_conv_core_ip_conv_core_ip_axi4_stream_video_slave_conv_core_ip_adapter_in_conv_core_ip_adapter_in_module/reset
    SLICE_X65Y55         LUT5 (Prop_lut5_I4_O)        0.097     7.880 r  design_1_i/conv_core_ip_0/U0/u_conv_core_ip_axi4_stream_video_slave_inst/u_conv_core_ip_conv_core_ip_axi4_stream_video_slave_conv_core_ip_adapter_in/u_conv_core_ip_conv_core_ip_axi4_stream_video_slave_conv_core_ip_adapter_in_conv_core_ip_adapter_in_module/data_out_tmp[31]_i_1/O
                         net (fo=8, routed)           1.567     9.447    design_1_i/conv_core_ip_0/U0/u_conv_core_ip_axi4_stream_video_slave_inst/u_conv_core_ip_conv_core_ip_axi4_stream_video_slave_conv_core_ip_adapter_in/u_conv_core_ip_conv_core_ip_axi4_stream_video_slave_conv_core_ip_adapter_in_conv_core_ip_adapter_in_module/data_out_tmp[31]_i_1_n_0
    SLICE_X52Y26         FDRE                                         r  design_1_i/conv_core_ip_0/U0/u_conv_core_ip_axi4_stream_video_slave_inst/u_conv_core_ip_conv_core_ip_axi4_stream_video_slave_conv_core_ip_adapter_in/u_conv_core_ip_conv_core_ip_axi4_stream_video_slave_conv_core_ip_adapter_in_conv_core_ip_adapter_in_module/data_out_tmp_reg[28]/R
  -------------------------------------------------------------------    -------------------

                         (clock clk_fpga_0 rise edge)
                                                     20.000    20.000 r  
    PS7_X0Y0             PS7                          0.000    20.000 r  design_1_i/processing_system7_0/inst/PS7_i/FCLKCLK[0]
                         net (fo=1, routed)           0.786    20.786    design_1_i/processing_system7_0/inst/FCLK_CLK_unbuffered[0]
    BUFGCTRL_X0Y16       BUFG (Prop_bufg_I_O)         0.072    20.858 r  design_1_i/processing_system7_0/inst/buffer_fclk_clk_0.FCLK_CLK_0_BUFG/O
                         net (fo=15086, routed)       1.110    21.968    design_1_i/conv_core_ip_0/U0/u_conv_core_ip_axi4_stream_video_slave_inst/u_conv_core_ip_conv_core_ip_axi4_stream_video_slave_conv_core_ip_adapter_in/u_conv_core_ip_conv_core_ip_axi4_stream_video_slave_conv_core_ip_adapter_in_conv_core_ip_adapter_in_module/IPCORE_CLK
    SLICE_X52Y26         FDRE                                         r  design_1_i/conv_core_ip_0/U0/u_conv_core_ip_axi4_stream_video_slave_inst/u_conv_core_ip_conv_core_ip_axi4_stream_video_slave_conv_core_ip_adapter_in/u_conv_core_ip_conv_core_ip_axi4_stream_video_slave_conv_core_ip_adapter_in_conv_core_ip_adapter_in_module/data_out_tmp_reg[28]/C
                         clock pessimism              0.171    22.139    
                         clock uncertainty           -0.302    21.837    
    SLICE_X52Y26         FDRE (Setup_fdre_C_R)       -0.314    21.523    design_1_i/conv_core_ip_0/U0/u_conv_core_ip_axi4_stream_video_slave_inst/u_conv_core_ip_conv_core_ip_axi4_stream_video_slave_conv_core_ip_adapter_in/u_conv_core_ip_conv_core_ip_axi4_stream_video_slave_conv_core_ip_adapter_in_conv_core_ip_adapter_in_module/data_out_tmp_reg[28]
  -------------------------------------------------------------------
                         required time                         21.523    
                         arrival time                          -9.447    
  -------------------------------------------------------------------
                         slack                                 12.076    

Slack (MET) :             12.076ns  (required time - arrival time)
  Source:                 design_1_i/conv_core_ip_0/U0/u_conv_core_ip_reset_sync_inst/reset_out_reg/C
                            (rising edge-triggered cell FDRE clocked by clk_fpga_0  {rise@0.000ns fall@10.000ns period=20.000ns})
  Destination:            design_1_i/conv_core_ip_0/U0/u_conv_core_ip_axi4_stream_video_slave_inst/u_conv_core_ip_conv_core_ip_axi4_stream_video_slave_conv_core_ip_adapter_in/u_conv_core_ip_conv_core_ip_axi4_stream_video_slave_conv_core_ip_adapter_in_conv_core_ip_adapter_in_module/data_out_tmp_reg[31]/R
                            (rising edge-triggered cell FDRE clocked by clk_fpga_0  {rise@0.000ns fall@10.000ns period=20.000ns})
  Path Group:             clk_fpga_0
  Path Type:              Setup (Max at Slow Process Corner)
  Requirement:            20.000ns  (clk_fpga_0 rise@20.000ns - clk_fpga_0 rise@0.000ns)
  Data Path Delay:        7.258ns  (logic 0.438ns (6.035%)  route 6.820ns (93.965%))
  Logic Levels:           1  (LUT5=1)
  Clock Path Skew:        -0.050ns (DCD - SCD + CPR)
    Destination Clock Delay (DCD):    1.968ns = ( 21.968 - 20.000 ) 
    Source Clock Delay      (SCD):    2.189ns
    Clock Pessimism Removal (CPR):    0.171ns
  Clock Uncertainty:      0.302ns  ((TSJ^2 + TIJ^2)^1/2 + DJ) / 2 + PE
    Total System Jitter     (TSJ):    0.071ns
    Total Input Jitter      (TIJ):    0.600ns
    Discrete Jitter          (DJ):    0.000ns
    Phase Error              (PE):    0.000ns

    Location             Delay type                Incr(ns)  Path(ns)    Netlist Resource(s)
  -------------------------------------------------------------------    -------------------
                         (clock clk_fpga_0 rise edge)
                                                      0.000     0.000 r  
    PS7_X0Y0             PS7                          0.000     0.000 r  design_1_i/processing_system7_0/inst/PS7_i/FCLKCLK[0]
                         net (fo=1, routed)           0.863     0.863    design_1_i/processing_system7_0/inst/FCLK_CLK_unbuffered[0]
    BUFGCTRL_X0Y16       BUFG (Prop_bufg_I_O)         0.079     0.942 r  design_1_i/processing_system7_0/inst/buffer_fclk_clk_0.FCLK_CLK_0_BUFG/O
                         net (fo=15086, routed)       1.247     2.189    design_1_i/conv_core_ip_0/U0/u_conv_core_ip_reset_sync_inst/IPCORE_CLK
    SLICE_X53Y24         FDRE                                         r  design_1_i/conv_core_ip_0/U0/u_conv_core_ip_reset_sync_inst/reset_out_reg/C
  -------------------------------------------------------------------    -------------------
    SLICE_X53Y24         FDRE (Prop_fdre_C_Q)         0.341     2.530 r  design_1_i/conv_core_ip_0/U0/u_conv_core_ip_reset_sync_inst/reset_out_reg/Q
                         net (fo=571, routed)         5.253     7.783    design_1_i/conv_core_ip_0/U0/u_conv_core_ip_axi4_stream_video_slave_inst/u_conv_core_ip_conv_core_ip_axi4_stream_video_slave_conv_core_ip_adapter_in/u_conv_core_ip_conv_core_ip_axi4_stream_video_slave_conv_core_ip_adapter_in_conv_core_ip_adapter_in_module/reset
    SLICE_X65Y55         LUT5 (Prop_lut5_I4_O)        0.097     7.880 r  design_1_i/conv_core_ip_0/U0/u_conv_core_ip_axi4_stream_video_slave_inst/u_conv_core_ip_conv_core_ip_axi4_stream_video_slave_conv_core_ip_adapter_in/u_conv_core_ip_conv_core_ip_axi4_stream_video_slave_conv_core_ip_adapter_in_conv_core_ip_adapter_in_module/data_out_tmp[31]_i_1/O
                         net (fo=8, routed)           1.567     9.447    design_1_i/conv_core_ip_0/U0/u_conv_core_ip_axi4_stream_video_slave_inst/u_conv_core_ip_conv_core_ip_axi4_stream_video_slave_conv_core_ip_adapter_in/u_conv_core_ip_conv_core_ip_axi4_stream_video_slave_conv_core_ip_adapter_in_conv_core_ip_adapter_in_module/data_out_tmp[31]_i_1_n_0
    SLICE_X52Y26         FDRE                                         r  design_1_i/conv_core_ip_0/U0/u_conv_core_ip_axi4_stream_video_slave_inst/u_conv_core_ip_conv_core_ip_axi4_stream_video_slave_conv_core_ip_adapter_in/u_conv_core_ip_conv_core_ip_axi4_stream_video_slave_conv_core_ip_adapter_in_conv_core_ip_adapter_in_module/data_out_tmp_reg[31]/R
  -------------------------------------------------------------------    -------------------

                         (clock clk_fpga_0 rise edge)
                                                     20.000    20.000 r  
    PS7_X0Y0             PS7                          0.000    20.000 r  design_1_i/processing_system7_0/inst/PS7_i/FCLKCLK[0]
                         net (fo=1, routed)           0.786    20.786    design_1_i/processing_system7_0/inst/FCLK_CLK_unbuffered[0]
    BUFGCTRL_X0Y16       BUFG (Prop_bufg_I_O)         0.072    20.858 r  design_1_i/processing_system7_0/inst/buffer_fclk_clk_0.FCLK_CLK_0_BUFG/O
                         net (fo=15086, routed)       1.110    21.968    design_1_i/conv_core_ip_0/U0/u_conv_core_ip_axi4_stream_video_slave_inst/u_conv_core_ip_conv_core_ip_axi4_stream_video_slave_conv_core_ip_adapter_in/u_conv_core_ip_conv_core_ip_axi4_stream_video_slave_conv_core_ip_adapter_in_conv_core_ip_adapter_in_module/IPCORE_CLK
    SLICE_X52Y26         FDRE                                         r  design_1_i/conv_core_ip_0/U0/u_conv_core_ip_axi4_stream_video_slave_inst/u_conv_core_ip_conv_core_ip_axi4_stream_video_slave_conv_core_ip_adapter_in/u_conv_core_ip_conv_core_ip_axi4_stream_video_slave_conv_core_ip_adapter_in_conv_core_ip_adapter_in_module/data_out_tmp_reg[31]/C
                         clock pessimism              0.171    22.139    
                         clock uncertainty           -0.302    21.837    
    SLICE_X52Y26         FDRE (Setup_fdre_C_R)       -0.314    21.523    design_1_i/conv_core_ip_0/U0/u_conv_core_ip_axi4_stream_video_slave_inst/u_conv_core_ip_conv_core_ip_axi4_stream_video_slave_conv_core_ip_adapter_in/u_conv_core_ip_conv_core_ip_axi4_stream_video_slave_conv_core_ip_adapter_in_conv_core_ip_adapter_in_module/data_out_tmp_reg[31]
  -------------------------------------------------------------------
                         required time                         21.523    
                         arrival time                          -9.447    
  -------------------------------------------------------------------
                         slack                                 12.076    





Min Delay Paths
--------------------------------------------------------------------------------------
Slack (MET) :             0.060ns  (arrival time - required time)
  Source:                 design_1_i/axi_vdma_1/U0/GEN_SPRT_FOR_S2MM.GEN_S2MM_DRE_OFF_SKID.I_S2MM_SKID_FLUSH_SOF/sig_data_reg_out_reg[50]/C
                            (rising edge-triggered cell FDRE clocked by clk_fpga_0  {rise@0.000ns fall@10.000ns period=20.000ns})
  Destination:            design_1_i/axi_vdma_1/U0/GEN_SPRT_FOR_S2MM.S2MM_LINEBUFFER_I/GEN_S2MM_FLUSH_SOF_LOGIC.GEN_LINEBUFFER_FLUSH_SOF.GEN_SYNC_FIFO_FLUSH_SOF.I_LINEBUFFER_FIFO/xpm_fifo_sync_inst/xpm_fifo_base_inst/gen_sdpram.xpm_memory_base_inst/gen_wr_a.gen_word_narrow.mem_reg/DIBDI[18]
                            (rising edge-triggered cell RAMB36E1 clocked by clk_fpga_0  {rise@0.000ns fall@10.000ns period=20.000ns})
  Path Group:             clk_fpga_0
  Path Type:              Hold (Min at Fast Process Corner)
  Requirement:            0.000ns  (clk_fpga_0 rise@0.000ns - clk_fpga_0 rise@0.000ns)
  Data Path Delay:        0.264ns  (logic 0.164ns (62.088%)  route 0.100ns (37.912%))
  Logic Levels:           0  
  Clock Path Skew:        0.049ns (DCD - SCD - CPR)
    Destination Clock Delay (DCD):    1.250ns
    Source Clock Delay      (SCD):    0.919ns
    Clock Pessimism Removal (CPR):    0.282ns

    Location             Delay type                Incr(ns)  Path(ns)    Netlist Resource(s)
  -------------------------------------------------------------------    -------------------
                         (clock clk_fpga_0 rise edge)
                                                      0.000     0.000 r  
    PS7_X0Y0             PS7                          0.000     0.000 r  design_1_i/processing_system7_0/inst/PS7_i/FCLKCLK[0]
                         net (fo=1, routed)           0.310     0.310    design_1_i/processing_system7_0/inst/FCLK_CLK_unbuffered[0]
    BUFGCTRL_X0Y16       BUFG (Prop_bufg_I_O)         0.026     0.336 r  design_1_i/processing_system7_0/inst/buffer_fclk_clk_0.FCLK_CLK_0_BUFG/O
                         net (fo=15086, routed)       0.583     0.919    design_1_i/axi_vdma_1/U0/GEN_SPRT_FOR_S2MM.GEN_S2MM_DRE_OFF_SKID.I_S2MM_SKID_FLUSH_SOF/s_axis_s2mm_aclk
    SLICE_X22Y26         FDRE                                         r  design_1_i/axi_vdma_1/U0/GEN_SPRT_FOR_S2MM.GEN_S2MM_DRE_OFF_SKID.I_S2MM_SKID_FLUSH_SOF/sig_data_reg_out_reg[50]/C
  -------------------------------------------------------------------    -------------------
    SLICE_X22Y26         FDRE (Prop_fdre_C_Q)         0.164     1.082 r  design_1_i/axi_vdma_1/U0/GEN_SPRT_FOR_S2MM.GEN_S2MM_DRE_OFF_SKID.I_S2MM_SKID_FLUSH_SOF/sig_data_reg_out_reg[50]/Q
                         net (fo=1, routed)           0.100     1.183    design_1_i/axi_vdma_1/U0/GEN_SPRT_FOR_S2MM.S2MM_LINEBUFFER_I/GEN_S2MM_FLUSH_SOF_LOGIC.GEN_LINEBUFFER_FLUSH_SOF.GEN_SYNC_FIFO_FLUSH_SOF.I_LINEBUFFER_FIFO/xpm_fifo_sync_inst/xpm_fifo_base_inst/gen_sdpram.xpm_memory_base_inst/dina[50]
    RAMB36_X1Y5          RAMB36E1                                     r  design_1_i/axi_vdma_1/U0/GEN_SPRT_FOR_S2MM.S2MM_LINEBUFFER_I/GEN_S2MM_FLUSH_SOF_LOGIC.GEN_LINEBUFFER_FLUSH_SOF.GEN_SYNC_FIFO_FLUSH_SOF.I_LINEBUFFER_FIFO/xpm_fifo_sync_inst/xpm_fifo_base_inst/gen_sdpram.xpm_memory_base_inst/gen_wr_a.gen_word_narrow.mem_reg/DIBDI[18]
  -------------------------------------------------------------------    -------------------

                         (clock clk_fpga_0 rise edge)
                                                      0.000     0.000 r  
    PS7_X0Y0             PS7                          0.000     0.000 r  design_1_i/processing_system7_0/inst/PS7_i/FCLKCLK[0]
                         net (fo=1, routed)           0.337     0.337    design_1_i/processing_system7_0/inst/FCLK_CLK_unbuffered[0]
    BUFGCTRL_X0Y16       BUFG (Prop_bufg_I_O)         0.029     0.366 r  design_1_i/processing_system7_0/inst/buffer_fclk_clk_0.FCLK_CLK_0_BUFG/O
                         net (fo=15086, routed)       0.884     1.250    design_1_i/axi_vdma_1/U0/GEN_SPRT_FOR_S2MM.S2MM_LINEBUFFER_I/GEN_S2MM_FLUSH_SOF_LOGIC.GEN_LINEBUFFER_FLUSH_SOF.GEN_SYNC_FIFO_FLUSH_SOF.I_LINEBUFFER_FIFO/xpm_fifo_sync_inst/xpm_fifo_base_inst/gen_sdpram.xpm_memory_base_inst/clka
    RAMB36_X1Y5          RAMB36E1                                     r  design_1_i/axi_vdma_1/U0/GEN_SPRT_FOR_S2MM.S2MM_LINEBUFFER_I/GEN_S2MM_FLUSH_SOF_LOGIC.GEN_LINEBUFFER_FLUSH_SOF.GEN_SYNC_FIFO_FLUSH_SOF.I_LINEBUFFER_FIFO/xpm_fifo_sync_inst/xpm_fifo_base_inst/gen_sdpram.xpm_memory_base_inst/gen_wr_a.gen_word_narrow.mem_reg/CLKBWRCLK
                         clock pessimism             -0.282     0.967    
    RAMB36_X1Y5          RAMB36E1 (Hold_ramb36e1_CLKBWRCLK_DIBDI[18])
                                                      0.155     1.122    design_1_i/axi_vdma_1/U0/GEN_SPRT_FOR_S2MM.S2MM_LINEBUFFER_I/GEN_S2MM_FLUSH_SOF_LOGIC.GEN_LINEBUFFER_FLUSH_SOF.GEN_SYNC_FIFO_FLUSH_SOF.I_LINEBUFFER_FIFO/xpm_fifo_sync_inst/xpm_fifo_base_inst/gen_sdpram.xpm_memory_base_inst/gen_wr_a.gen_word_narrow.mem_reg
  -------------------------------------------------------------------
                         required time                         -1.122    
                         arrival time                           1.183    
  -------------------------------------------------------------------
                         slack                                  0.060    

Slack (MET) :             0.061ns  (arrival time - required time)
  Source:                 design_1_i/axi_vdma_1/U0/GEN_SPRT_FOR_S2MM.GEN_S2MM_DRE_OFF_SKID.I_S2MM_SKID_FLUSH_SOF/sig_data_reg_out_reg[6]/C
                            (rising edge-triggered cell FDRE clocked by clk_fpga_0  {rise@0.000ns fall@10.000ns period=20.000ns})
  Destination:            design_1_i/axi_vdma_1/U0/GEN_SPRT_FOR_S2MM.S2MM_LINEBUFFER_I/GEN_S2MM_FLUSH_SOF_LOGIC.GEN_LINEBUFFER_FLUSH_SOF.GEN_SYNC_FIFO_FLUSH_SOF.I_LINEBUFFER_FIFO/xpm_fifo_sync_inst/xpm_fifo_base_inst/gen_sdpram.xpm_memory_base_inst/gen_wr_a.gen_word_narrow.mem_reg/DIADI[6]
                            (rising edge-triggered cell RAMB36E1 clocked by clk_fpga_0  {rise@0.000ns fall@10.000ns period=20.000ns})
  Path Group:             clk_fpga_0
  Path Type:              Hold (Min at Fast Process Corner)
  Requirement:            0.000ns  (clk_fpga_0 rise@0.000ns - clk_fpga_0 rise@0.000ns)
  Data Path Delay:        0.265ns  (logic 0.164ns (61.854%)  route 0.101ns (38.146%))
  Logic Levels:           0  
  Clock Path Skew:        0.049ns (DCD - SCD - CPR)
    Destination Clock Delay (DCD):    1.250ns
    Source Clock Delay      (SCD):    0.919ns
    Clock Pessimism Removal (CPR):    0.282ns

    Location             Delay type                Incr(ns)  Path(ns)    Netlist Resource(s)
  -------------------------------------------------------------------    -------------------
                         (clock clk_fpga_0 rise edge)
                                                      0.000     0.000 r  
    PS7_X0Y0             PS7                          0.000     0.000 r  design_1_i/processing_system7_0/inst/PS7_i/FCLKCLK[0]
                         net (fo=1, routed)           0.310     0.310    design_1_i/processing_system7_0/inst/FCLK_CLK_unbuffered[0]
    BUFGCTRL_X0Y16       BUFG (Prop_bufg_I_O)         0.026     0.336 r  design_1_i/processing_system7_0/inst/buffer_fclk_clk_0.FCLK_CLK_0_BUFG/O
                         net (fo=15086, routed)       0.583     0.919    design_1_i/axi_vdma_1/U0/GEN_SPRT_FOR_S2MM.GEN_S2MM_DRE_OFF_SKID.I_S2MM_SKID_FLUSH_SOF/s_axis_s2mm_aclk
    SLICE_X22Y26         FDRE                                         r  design_1_i/axi_vdma_1/U0/GEN_SPRT_FOR_S2MM.GEN_S2MM_DRE_OFF_SKID.I_S2MM_SKID_FLUSH_SOF/sig_data_reg_out_reg[6]/C
  -------------------------------------------------------------------    -------------------
    SLICE_X22Y26         FDRE (Prop_fdre_C_Q)         0.164     1.082 r  design_1_i/axi_vdma_1/U0/GEN_SPRT_FOR_S2MM.GEN_S2MM_DRE_OFF_SKID.I_S2MM_SKID_FLUSH_SOF/sig_data_reg_out_reg[6]/Q
                         net (fo=1, routed)           0.101     1.184    design_1_i/axi_vdma_1/U0/GEN_SPRT_FOR_S2MM.S2MM_LINEBUFFER_I/GEN_S2MM_FLUSH_SOF_LOGIC.GEN_LINEBUFFER_FLUSH_SOF.GEN_SYNC_FIFO_FLUSH_SOF.I_LINEBUFFER_FIFO/xpm_fifo_sync_inst/xpm_fifo_base_inst/gen_sdpram.xpm_memory_base_inst/dina[6]
    RAMB36_X1Y5          RAMB36E1                                     r  design_1_i/axi_vdma_1/U0/GEN_SPRT_FOR_S2MM.S2MM_LINEBUFFER_I/GEN_S2MM_FLUSH_SOF_LOGIC.GEN_LINEBUFFER_FLUSH_SOF.GEN_SYNC_FIFO_FLUSH_SOF.I_LINEBUFFER_FIFO/xpm_fifo_sync_inst/xpm_fifo_base_inst/gen_sdpram.xpm_memory_base_inst/gen_wr_a.gen_word_narrow.mem_reg/DIADI[6]
  -------------------------------------------------------------------    -------------------

                         (clock clk_fpga_0 rise edge)
                                                      0.000     0.000 r  
    PS7_X0Y0             PS7                          0.000     0.000 r  design_1_i/processing_system7_0/inst/PS7_i/FCLKCLK[0]
                         net (fo=1, routed)           0.337     0.337    design_1_i/processing_system7_0/inst/FCLK_CLK_unbuffered[0]
    BUFGCTRL_X0Y16       BUFG (Prop_bufg_I_O)         0.029     0.366 r  design_1_i/processing_system7_0/inst/buffer_fclk_clk_0.FCLK_CLK_0_BUFG/O
                         net (fo=15086, routed)       0.884     1.250    design_1_i/axi_vdma_1/U0/GEN_SPRT_FOR_S2MM.S2MM_LINEBUFFER_I/GEN_S2MM_FLUSH_SOF_LOGIC.GEN_LINEBUFFER_FLUSH_SOF.GEN_SYNC_FIFO_FLUSH_SOF.I_LINEBUFFER_FIFO/xpm_fifo_sync_inst/xpm_fifo_base_inst/gen_sdpram.xpm_memory_base_inst/clka
    RAMB36_X1Y5          RAMB36E1                                     r  design_1_i/axi_vdma_1/U0/GEN_SPRT_FOR_S2MM.S2MM_LINEBUFFER_I/GEN_S2MM_FLUSH_SOF_LOGIC.GEN_LINEBUFFER_FLUSH_SOF.GEN_SYNC_FIFO_FLUSH_SOF.I_LINEBUFFER_FIFO/xpm_fifo_sync_inst/xpm_fifo_base_inst/gen_sdpram.xpm_memory_base_inst/gen_wr_a.gen_word_narrow.mem_reg/CLKBWRCLK
                         clock pessimism             -0.282     0.967    
    RAMB36_X1Y5          RAMB36E1 (Hold_ramb36e1_CLKBWRCLK_DIADI[6])
                                                      0.155     1.122    design_1_i/axi_vdma_1/U0/GEN_SPRT_FOR_S2MM.S2MM_LINEBUFFER_I/GEN_S2MM_FLUSH_SOF_LOGIC.GEN_LINEBUFFER_FLUSH_SOF.GEN_SYNC_FIFO_FLUSH_SOF.I_LINEBUFFER_FIFO/xpm_fifo_sync_inst/xpm_fifo_base_inst/gen_sdpram.xpm_memory_base_inst/gen_wr_a.gen_word_narrow.mem_reg
  -------------------------------------------------------------------
                         required time                         -1.122    
                         arrival time                           1.184    
  -------------------------------------------------------------------
                         slack                                  0.061    

Slack (MET) :             0.062ns  (arrival time - required time)
  Source:                 design_1_i/conv_core_ip_0/U0/u_conv_core_ip_dut_inst/u_conv_core_ip_src_conv_core/u_Subsystem1/u_slicer/mergedDelay_regin_reg[14]/C
                            (rising edge-triggered cell FDRE clocked by clk_fpga_0  {rise@0.000ns fall@10.000ns period=20.000ns})
  Destination:            design_1_i/conv_core_ip_0/U0/u_conv_core_ip_dut_inst/u_conv_core_ip_src_conv_core/u_Subsystem1/u_slicer/u_ShiftRegisterRAM_generic/ram_reg/DIADI[14]
                            (rising edge-triggered cell RAMB18E1 clocked by clk_fpga_0  {rise@0.000ns fall@10.000ns period=20.000ns})
  Path Group:             clk_fpga_0
  Path Type:              Hold (Min at Fast Process Corner)
  Requirement:            0.000ns  (clk_fpga_0 rise@0.000ns - clk_fpga_0 rise@0.000ns)
  Data Path Delay:        0.264ns  (logic 0.164ns (62.088%)  route 0.100ns (37.912%))
  Logic Levels:           0  
  Clock Path Skew:        0.047ns (DCD - SCD - CPR)
    Destination Clock Delay (DCD):    1.237ns
    Source Clock Delay      (SCD):    0.908ns
    Clock Pessimism Removal (CPR):    0.282ns

    Location             Delay type                Incr(ns)  Path(ns)    Netlist Resource(s)
  -------------------------------------------------------------------    -------------------
                         (clock clk_fpga_0 rise edge)
                                                      0.000     0.000 r  
    PS7_X0Y0             PS7                          0.000     0.000 r  design_1_i/processing_system7_0/inst/PS7_i/FCLKCLK[0]
                         net (fo=1, routed)           0.310     0.310    design_1_i/processing_system7_0/inst/FCLK_CLK_unbuffered[0]
    BUFGCTRL_X0Y16       BUFG (Prop_bufg_I_O)         0.026     0.336 r  design_1_i/processing_system7_0/inst/buffer_fclk_clk_0.FCLK_CLK_0_BUFG/O
                         net (fo=15086, routed)       0.572     0.908    design_1_i/conv_core_ip_0/U0/u_conv_core_ip_dut_inst/u_conv_core_ip_src_conv_core/u_Subsystem1/u_slicer/IPCORE_CLK
    SLICE_X54Y22         FDRE                                         r  design_1_i/conv_core_ip_0/U0/u_conv_core_ip_dut_inst/u_conv_core_ip_src_conv_core/u_Subsystem1/u_slicer/mergedDelay_regin_reg[14]/C
  -------------------------------------------------------------------    -------------------
    SLICE_X54Y22         FDRE (Prop_fdre_C_Q)         0.164     1.072 r  design_1_i/conv_core_ip_0/U0/u_conv_core_ip_dut_inst/u_conv_core_ip_src_conv_core/u_Subsystem1/u_slicer/mergedDelay_regin_reg[14]/Q
                         net (fo=1, routed)           0.100     1.172    design_1_i/conv_core_ip_0/U0/u_conv_core_ip_dut_inst/u_conv_core_ip_src_conv_core/u_Subsystem1/u_slicer/u_ShiftRegisterRAM_generic/DIADI[14]
    RAMB18_X3Y8          RAMB18E1                                     r  design_1_i/conv_core_ip_0/U0/u_conv_core_ip_dut_inst/u_conv_core_ip_src_conv_core/u_Subsystem1/u_slicer/u_ShiftRegisterRAM_generic/ram_reg/DIADI[14]
  -------------------------------------------------------------------    -------------------

                         (clock clk_fpga_0 rise edge)
                                                      0.000     0.000 r  
    PS7_X0Y0             PS7                          0.000     0.000 r  design_1_i/processing_system7_0/inst/PS7_i/FCLKCLK[0]
                         net (fo=1, routed)           0.337     0.337    design_1_i/processing_system7_0/inst/FCLK_CLK_unbuffered[0]
    BUFGCTRL_X0Y16       BUFG (Prop_bufg_I_O)         0.029     0.366 r  design_1_i/processing_system7_0/inst/buffer_fclk_clk_0.FCLK_CLK_0_BUFG/O
                         net (fo=15086, routed)       0.871     1.237    design_1_i/conv_core_ip_0/U0/u_conv_core_ip_dut_inst/u_conv_core_ip_src_conv_core/u_Subsystem1/u_slicer/u_ShiftRegisterRAM_generic/IPCORE_CLK
    RAMB18_X3Y8          RAMB18E1                                     r  design_1_i/conv_core_ip_0/U0/u_conv_core_ip_dut_inst/u_conv_core_ip_src_conv_core/u_Subsystem1/u_slicer/u_ShiftRegisterRAM_generic/ram_reg/CLKARDCLK
                         clock pessimism             -0.282     0.954    
    RAMB18_X3Y8          RAMB18E1 (Hold_ramb18e1_CLKARDCLK_DIADI[14])
                                                      0.155     1.109    design_1_i/conv_core_ip_0/U0/u_conv_core_ip_dut_inst/u_conv_core_ip_src_conv_core/u_Subsystem1/u_slicer/u_ShiftRegisterRAM_generic/ram_reg
  -------------------------------------------------------------------
                         required time                         -1.109    
                         arrival time                           1.172    
  -------------------------------------------------------------------
                         slack                                  0.062    

Slack (MET) :             0.064ns  (arrival time - required time)
  Source:                 design_1_i/smartconnect_0/inst/s01_nodes/s01_r_node/inst/inst_mi_handler/gen_normal_area.inst_fifo_node_payld/gen_xpm_memory_fifo.inst_fifo/gen_mem_rep[0].inst_wr_addra/count_r_reg[2]/C
                            (rising edge-triggered cell FDRE clocked by clk_fpga_0  {rise@0.000ns fall@10.000ns period=20.000ns})
  Destination:            design_1_i/smartconnect_0/inst/s01_nodes/s01_r_node/inst/inst_mi_handler/gen_normal_area.inst_fifo_node_payld/gen_xpm_memory_fifo.inst_fifo/gen_mem_rep[0].inst_xpm_memory/xpm_memory_base_inst/gen_wr_a.gen_word_narrow.mem_reg_0_31_36_41/RAMA/WADR2
                            (rising edge-triggered cell RAMD32 clocked by clk_fpga_0  {rise@0.000ns fall@10.000ns period=20.000ns})
  Path Group:             clk_fpga_0
  Path Type:              Hold (Min at Fast Process Corner)
  Requirement:            0.000ns  (clk_fpga_0 rise@0.000ns - clk_fpga_0 rise@0.000ns)
  Data Path Delay:        0.332ns  (logic 0.141ns (42.513%)  route 0.191ns (57.487%))
  Logic Levels:           0  
  Clock Path Skew:        0.014ns (DCD - SCD - CPR)
    Destination Clock Delay (DCD):    1.227ns
    Source Clock Delay      (SCD):    0.930ns
    Clock Pessimism Removal (CPR):    0.283ns

    Location             Delay type                Incr(ns)  Path(ns)    Netlist Resource(s)
  -------------------------------------------------------------------    -------------------
                         (clock clk_fpga_0 rise edge)
                                                      0.000     0.000 r  
    PS7_X0Y0             PS7                          0.000     0.000 r  design_1_i/processing_system7_0/inst/PS7_i/FCLKCLK[0]
                         net (fo=1, routed)           0.310     0.310    design_1_i/processing_system7_0/inst/FCLK_CLK_unbuffered[0]
    BUFGCTRL_X0Y16       BUFG (Prop_bufg_I_O)         0.026     0.336 r  design_1_i/processing_system7_0/inst/buffer_fclk_clk_0.FCLK_CLK_0_BUFG/O
                         net (fo=15086, routed)       0.594     0.929    design_1_i/smartconnect_0/inst/s01_nodes/s01_r_node/inst/inst_mi_handler/gen_normal_area.inst_fifo_node_payld/gen_xpm_memory_fifo.inst_fifo/gen_mem_rep[0].inst_wr_addra/s_sc_aclk
    SLICE_X13Y38         FDRE                                         r  design_1_i/smartconnect_0/inst/s01_nodes/s01_r_node/inst/inst_mi_handler/gen_normal_area.inst_fifo_node_payld/gen_xpm_memory_fifo.inst_fifo/gen_mem_rep[0].inst_wr_addra/count_r_reg[2]/C
  -------------------------------------------------------------------    -------------------
    SLICE_X13Y38         FDRE (Prop_fdre_C_Q)         0.141     1.071 r  design_1_i/smartconnect_0/inst/s01_nodes/s01_r_node/inst/inst_mi_handler/gen_normal_area.inst_fifo_node_payld/gen_xpm_memory_fifo.inst_fifo/gen_mem_rep[0].inst_wr_addra/count_r_reg[2]/Q
                         net (fo=101, routed)         0.191     1.261    design_1_i/smartconnect_0/inst/s01_nodes/s01_r_node/inst/inst_mi_handler/gen_normal_area.inst_fifo_node_payld/gen_xpm_memory_fifo.inst_fifo/gen_mem_rep[0].inst_xpm_memory/xpm_memory_base_inst/gen_wr_a.gen_word_narrow.mem_reg_0_31_36_41/ADDRD2
    SLICE_X14Y37         RAMD32                                       r  design_1_i/smartconnect_0/inst/s01_nodes/s01_r_node/inst/inst_mi_handler/gen_normal_area.inst_fifo_node_payld/gen_xpm_memory_fifo.inst_fifo/gen_mem_rep[0].inst_xpm_memory/xpm_memory_base_inst/gen_wr_a.gen_word_narrow.mem_reg_0_31_36_41/RAMA/WADR2
  -------------------------------------------------------------------    -------------------

                         (clock clk_fpga_0 rise edge)
                                                      0.000     0.000 r  
    PS7_X0Y0             PS7                          0.000     0.000 r  design_1_i/processing_system7_0/inst/PS7_i/FCLKCLK[0]
                         net (fo=1, routed)           0.337     0.337    design_1_i/processing_system7_0/inst/FCLK_CLK_unbuffered[0]
    BUFGCTRL_X0Y16       BUFG (Prop_bufg_I_O)         0.029     0.366 r  design_1_i/processing_system7_0/inst/buffer_fclk_clk_0.FCLK_CLK_0_BUFG/O
                         net (fo=15086, routed)       0.861     1.227    design_1_i/smartconnect_0/inst/s01_nodes/s01_r_node/inst/inst_mi_handler/gen_normal_area.inst_fifo_node_payld/gen_xpm_memory_fifo.inst_fifo/gen_mem_rep[0].inst_xpm_memory/xpm_memory_base_inst/gen_wr_a.gen_word_narrow.mem_reg_0_31_36_41/WCLK
    SLICE_X14Y37         RAMD32                                       r  design_1_i/smartconnect_0/inst/s01_nodes/s01_r_node/inst/inst_mi_handler/gen_normal_area.inst_fifo_node_payld/gen_xpm_memory_fifo.inst_fifo/gen_mem_rep[0].inst_xpm_memory/xpm_memory_base_inst/gen_wr_a.gen_word_narrow.mem_reg_0_31_36_41/RAMA/CLK
                         clock pessimism             -0.283     0.944    
    SLICE_X14Y37         RAMD32 (Hold_ramd32_CLK_WADR2)
                                                      0.254     1.197    design_1_i/smartconnect_0/inst/s01_nodes/s01_r_node/inst/inst_mi_handler/gen_normal_area.inst_fifo_node_payld/gen_xpm_memory_fifo.inst_fifo/gen_mem_rep[0].inst_xpm_memory/xpm_memory_base_inst/gen_wr_a.gen_word_narrow.mem_reg_0_31_36_41/RAMA
  -------------------------------------------------------------------
                         required time                         -1.198    
                         arrival time                           1.261    
  -------------------------------------------------------------------
                         slack                                  0.064    

Slack (MET) :             0.064ns  (arrival time - required time)
  Source:                 design_1_i/smartconnect_0/inst/s01_nodes/s01_r_node/inst/inst_mi_handler/gen_normal_area.inst_fifo_node_payld/gen_xpm_memory_fifo.inst_fifo/gen_mem_rep[0].inst_wr_addra/count_r_reg[2]/C
                            (rising edge-triggered cell FDRE clocked by clk_fpga_0  {rise@0.000ns fall@10.000ns period=20.000ns})
  Destination:            design_1_i/smartconnect_0/inst/s01_nodes/s01_r_node/inst/inst_mi_handler/gen_normal_area.inst_fifo_node_payld/gen_xpm_memory_fifo.inst_fifo/gen_mem_rep[0].inst_xpm_memory/xpm_memory_base_inst/gen_wr_a.gen_word_narrow.mem_reg_0_31_36_41/RAMA_D1/WADR2
                            (rising edge-triggered cell RAMD32 clocked by clk_fpga_0  {rise@0.000ns fall@10.000ns period=20.000ns})
  Path Group:             clk_fpga_0
  Path Type:              Hold (Min at Fast Process Corner)
  Requirement:            0.000ns  (clk_fpga_0 rise@0.000ns - clk_fpga_0 rise@0.000ns)
  Data Path Delay:        0.332ns  (logic 0.141ns (42.513%)  route 0.191ns (57.487%))
  Logic Levels:           0  
  Clock Path Skew:        0.014ns (DCD - SCD - CPR)
    Destination Clock Delay (DCD):    1.227ns
    Source Clock Delay      (SCD):    0.930ns
    Clock Pessimism Removal (CPR):    0.283ns

    Location             Delay type                Incr(ns)  Path(ns)    Netlist Resource(s)
  -------------------------------------------------------------------    -------------------
                         (clock clk_fpga_0 rise edge)
                                                      0.000     0.000 r  
    PS7_X0Y0             PS7                          0.000     0.000 r  design_1_i/processing_system7_0/inst/PS7_i/FCLKCLK[0]
                         net (fo=1, routed)           0.310     0.310    design_1_i/processing_system7_0/inst/FCLK_CLK_unbuffered[0]
    BUFGCTRL_X0Y16       BUFG (Prop_bufg_I_O)         0.026     0.336 r  design_1_i/processing_system7_0/inst/buffer_fclk_clk_0.FCLK_CLK_0_BUFG/O
                         net (fo=15086, routed)       0.594     0.929    design_1_i/smartconnect_0/inst/s01_nodes/s01_r_node/inst/inst_mi_handler/gen_normal_area.inst_fifo_node_payld/gen_xpm_memory_fifo.inst_fifo/gen_mem_rep[0].inst_wr_addra/s_sc_aclk
    SLICE_X13Y38         FDRE                                         r  design_1_i/smartconnect_0/inst/s01_nodes/s01_r_node/inst/inst_mi_handler/gen_normal_area.inst_fifo_node_payld/gen_xpm_memory_fifo.inst_fifo/gen_mem_rep[0].inst_wr_addra/count_r_reg[2]/C
  -------------------------------------------------------------------    -------------------
    SLICE_X13Y38         FDRE (Prop_fdre_C_Q)         0.141     1.071 r  design_1_i/smartconnect_0/inst/s01_nodes/s01_r_node/inst/inst_mi_handler/gen_normal_area.inst_fifo_node_payld/gen_xpm_memory_fifo.inst_fifo/gen_mem_rep[0].inst_wr_addra/count_r_reg[2]/Q
                         net (fo=101, routed)         0.191     1.261    design_1_i/smartconnect_0/inst/s01_nodes/s01_r_node/inst/inst_mi_handler/gen_normal_area.inst_fifo_node_payld/gen_xpm_memory_fifo.inst_fifo/gen_mem_rep[0].inst_xpm_memory/xpm_memory_base_inst/gen_wr_a.gen_word_narrow.mem_reg_0_31_36_41/ADDRD2
    SLICE_X14Y37         RAMD32                                       r  design_1_i/smartconnect_0/inst/s01_nodes/s01_r_node/inst/inst_mi_handler/gen_normal_area.inst_fifo_node_payld/gen_xpm_memory_fifo.inst_fifo/gen_mem_rep[0].inst_xpm_memory/xpm_memory_base_inst/gen_wr_a.gen_word_narrow.mem_reg_0_31_36_41/RAMA_D1/WADR2
  -------------------------------------------------------------------    -------------------

                         (clock clk_fpga_0 rise edge)
                                                      0.000     0.000 r  
    PS7_X0Y0             PS7                          0.000     0.000 r  design_1_i/processing_system7_0/inst/PS7_i/FCLKCLK[0]
                         net (fo=1, routed)           0.337     0.337    design_1_i/processing_system7_0/inst/FCLK_CLK_unbuffered[0]
    BUFGCTRL_X0Y16       BUFG (Prop_bufg_I_O)         0.029     0.366 r  design_1_i/processing_system7_0/inst/buffer_fclk_clk_0.FCLK_CLK_0_BUFG/O
                         net (fo=15086, routed)       0.861     1.227    design_1_i/smartconnect_0/inst/s01_nodes/s01_r_node/inst/inst_mi_handler/gen_normal_area.inst_fifo_node_payld/gen_xpm_memory_fifo.inst_fifo/gen_mem_rep[0].inst_xpm_memory/xpm_memory_base_inst/gen_wr_a.gen_word_narrow.mem_reg_0_31_36_41/WCLK
    SLICE_X14Y37         RAMD32                                       r  design_1_i/smartconnect_0/inst/s01_nodes/s01_r_node/inst/inst_mi_handler/gen_normal_area.inst_fifo_node_payld/gen_xpm_memory_fifo.inst_fifo/gen_mem_rep[0].inst_xpm_memory/xpm_memory_base_inst/gen_wr_a.gen_word_narrow.mem_reg_0_31_36_41/RAMA_D1/CLK
                         clock pessimism             -0.283     0.944    
    SLICE_X14Y37         RAMD32 (Hold_ramd32_CLK_WADR2)
                                                      0.254     1.197    design_1_i/smartconnect_0/inst/s01_nodes/s01_r_node/inst/inst_mi_handler/gen_normal_area.inst_fifo_node_payld/gen_xpm_memory_fifo.inst_fifo/gen_mem_rep[0].inst_xpm_memory/xpm_memory_base_inst/gen_wr_a.gen_word_narrow.mem_reg_0_31_36_41/RAMA_D1
  -------------------------------------------------------------------
                         required time                         -1.198    
                         arrival time                           1.261    
  -------------------------------------------------------------------
                         slack                                  0.064    

Slack (MET) :             0.064ns  (arrival time - required time)
  Source:                 design_1_i/smartconnect_0/inst/s01_nodes/s01_r_node/inst/inst_mi_handler/gen_normal_area.inst_fifo_node_payld/gen_xpm_memory_fifo.inst_fifo/gen_mem_rep[0].inst_wr_addra/count_r_reg[2]/C
                            (rising edge-triggered cell FDRE clocked by clk_fpga_0  {rise@0.000ns fall@10.000ns period=20.000ns})
  Destination:            design_1_i/smartconnect_0/inst/s01_nodes/s01_r_node/inst/inst_mi_handler/gen_normal_area.inst_fifo_node_payld/gen_xpm_memory_fifo.inst_fifo/gen_mem_rep[0].inst_xpm_memory/xpm_memory_base_inst/gen_wr_a.gen_word_narrow.mem_reg_0_31_36_41/RAMB/WADR2
                            (rising edge-triggered cell RAMD32 clocked by clk_fpga_0  {rise@0.000ns fall@10.000ns period=20.000ns})
  Path Group:             clk_fpga_0
  Path Type:              Hold (Min at Fast Process Corner)
  Requirement:            0.000ns  (clk_fpga_0 rise@0.000ns - clk_fpga_0 rise@0.000ns)
  Data Path Delay:        0.332ns  (logic 0.141ns (42.513%)  route 0.191ns (57.487%))
  Logic Levels:           0  
  Clock Path Skew:        0.014ns (DCD - SCD - CPR)
    Destination Clock Delay (DCD):    1.227ns
    Source Clock Delay      (SCD):    0.930ns
    Clock Pessimism Removal (CPR):    0.283ns

    Location             Delay type                Incr(ns)  Path(ns)    Netlist Resource(s)
  -------------------------------------------------------------------    -------------------
                         (clock clk_fpga_0 rise edge)
                                                      0.000     0.000 r  
    PS7_X0Y0             PS7                          0.000     0.000 r  design_1_i/processing_system7_0/inst/PS7_i/FCLKCLK[0]
                         net (fo=1, routed)           0.310     0.310    design_1_i/processing_system7_0/inst/FCLK_CLK_unbuffered[0]
    BUFGCTRL_X0Y16       BUFG (Prop_bufg_I_O)         0.026     0.336 r  design_1_i/processing_system7_0/inst/buffer_fclk_clk_0.FCLK_CLK_0_BUFG/O
                         net (fo=15086, routed)       0.594     0.929    design_1_i/smartconnect_0/inst/s01_nodes/s01_r_node/inst/inst_mi_handler/gen_normal_area.inst_fifo_node_payld/gen_xpm_memory_fifo.inst_fifo/gen_mem_rep[0].inst_wr_addra/s_sc_aclk
    SLICE_X13Y38         FDRE                                         r  design_1_i/smartconnect_0/inst/s01_nodes/s01_r_node/inst/inst_mi_handler/gen_normal_area.inst_fifo_node_payld/gen_xpm_memory_fifo.inst_fifo/gen_mem_rep[0].inst_wr_addra/count_r_reg[2]/C
  -------------------------------------------------------------------    -------------------
    SLICE_X13Y38         FDRE (Prop_fdre_C_Q)         0.141     1.071 r  design_1_i/smartconnect_0/inst/s01_nodes/s01_r_node/inst/inst_mi_handler/gen_normal_area.inst_fifo_node_payld/gen_xpm_memory_fifo.inst_fifo/gen_mem_rep[0].inst_wr_addra/count_r_reg[2]/Q
                         net (fo=101, routed)         0.191     1.261    design_1_i/smartconnect_0/inst/s01_nodes/s01_r_node/inst/inst_mi_handler/gen_normal_area.inst_fifo_node_payld/gen_xpm_memory_fifo.inst_fifo/gen_mem_rep[0].inst_xpm_memory/xpm_memory_base_inst/gen_wr_a.gen_word_narrow.mem_reg_0_31_36_41/ADDRD2
    SLICE_X14Y37         RAMD32                                       r  design_1_i/smartconnect_0/inst/s01_nodes/s01_r_node/inst/inst_mi_handler/gen_normal_area.inst_fifo_node_payld/gen_xpm_memory_fifo.inst_fifo/gen_mem_rep[0].inst_xpm_memory/xpm_memory_base_inst/gen_wr_a.gen_word_narrow.mem_reg_0_31_36_41/RAMB/WADR2
  -------------------------------------------------------------------    -------------------

                         (clock clk_fpga_0 rise edge)
                                                      0.000     0.000 r  
    PS7_X0Y0             PS7                          0.000     0.000 r  design_1_i/processing_system7_0/inst/PS7_i/FCLKCLK[0]
                         net (fo=1, routed)           0.337     0.337    design_1_i/processing_system7_0/inst/FCLK_CLK_unbuffered[0]
    BUFGCTRL_X0Y16       BUFG (Prop_bufg_I_O)         0.029     0.366 r  design_1_i/processing_system7_0/inst/buffer_fclk_clk_0.FCLK_CLK_0_BUFG/O
                         net (fo=15086, routed)       0.861     1.227    design_1_i/smartconnect_0/inst/s01_nodes/s01_r_node/inst/inst_mi_handler/gen_normal_area.inst_fifo_node_payld/gen_xpm_memory_fifo.inst_fifo/gen_mem_rep[0].inst_xpm_memory/xpm_memory_base_inst/gen_wr_a.gen_word_narrow.mem_reg_0_31_36_41/WCLK
    SLICE_X14Y37         RAMD32                                       r  design_1_i/smartconnect_0/inst/s01_nodes/s01_r_node/inst/inst_mi_handler/gen_normal_area.inst_fifo_node_payld/gen_xpm_memory_fifo.inst_fifo/gen_mem_rep[0].inst_xpm_memory/xpm_memory_base_inst/gen_wr_a.gen_word_narrow.mem_reg_0_31_36_41/RAMB/CLK
                         clock pessimism             -0.283     0.944    
    SLICE_X14Y37         RAMD32 (Hold_ramd32_CLK_WADR2)
                                                      0.254     1.197    design_1_i/smartconnect_0/inst/s01_nodes/s01_r_node/inst/inst_mi_handler/gen_normal_area.inst_fifo_node_payld/gen_xpm_memory_fifo.inst_fifo/gen_mem_rep[0].inst_xpm_memory/xpm_memory_base_inst/gen_wr_a.gen_word_narrow.mem_reg_0_31_36_41/RAMB
  -------------------------------------------------------------------
                         required time                         -1.198    
                         arrival time                           1.261    
  -------------------------------------------------------------------
                         slack                                  0.064    

Slack (MET) :             0.064ns  (arrival time - required time)
  Source:                 design_1_i/smartconnect_0/inst/s01_nodes/s01_r_node/inst/inst_mi_handler/gen_normal_area.inst_fifo_node_payld/gen_xpm_memory_fifo.inst_fifo/gen_mem_rep[0].inst_wr_addra/count_r_reg[2]/C
                            (rising edge-triggered cell FDRE clocked by clk_fpga_0  {rise@0.000ns fall@10.000ns period=20.000ns})
  Destination:            design_1_i/smartconnect_0/inst/s01_nodes/s01_r_node/inst/inst_mi_handler/gen_normal_area.inst_fifo_node_payld/gen_xpm_memory_fifo.inst_fifo/gen_mem_rep[0].inst_xpm_memory/xpm_memory_base_inst/gen_wr_a.gen_word_narrow.mem_reg_0_31_36_41/RAMB_D1/WADR2
                            (rising edge-triggered cell RAMD32 clocked by clk_fpga_0  {rise@0.000ns fall@10.000ns period=20.000ns})
  Path Group:             clk_fpga_0
  Path Type:              Hold (Min at Fast Process Corner)
  Requirement:            0.000ns  (clk_fpga_0 rise@0.000ns - clk_fpga_0 rise@0.000ns)
  Data Path Delay:        0.332ns  (logic 0.141ns (42.513%)  route 0.191ns (57.487%))
  Logic Levels:           0  
  Clock Path Skew:        0.014ns (DCD - SCD - CPR)
    Destination Clock Delay (DCD):    1.227ns
    Source Clock Delay      (SCD):    0.930ns
    Clock Pessimism Removal (CPR):    0.283ns

    Location             Delay type                Incr(ns)  Path(ns)    Netlist Resource(s)
  -------------------------------------------------------------------    -------------------
                         (clock clk_fpga_0 rise edge)
                                                      0.000     0.000 r  
    PS7_X0Y0             PS7                          0.000     0.000 r  design_1_i/processing_system7_0/inst/PS7_i/FCLKCLK[0]
                         net (fo=1, routed)           0.310     0.310    design_1_i/processing_system7_0/inst/FCLK_CLK_unbuffered[0]
    BUFGCTRL_X0Y16       BUFG (Prop_bufg_I_O)         0.026     0.336 r  design_1_i/processing_system7_0/inst/buffer_fclk_clk_0.FCLK_CLK_0_BUFG/O
                         net (fo=15086, routed)       0.594     0.929    design_1_i/smartconnect_0/inst/s01_nodes/s01_r_node/inst/inst_mi_handler/gen_normal_area.inst_fifo_node_payld/gen_xpm_memory_fifo.inst_fifo/gen_mem_rep[0].inst_wr_addra/s_sc_aclk
    SLICE_X13Y38         FDRE                                         r  design_1_i/smartconnect_0/inst/s01_nodes/s01_r_node/inst/inst_mi_handler/gen_normal_area.inst_fifo_node_payld/gen_xpm_memory_fifo.inst_fifo/gen_mem_rep[0].inst_wr_addra/count_r_reg[2]/C
  -------------------------------------------------------------------    -------------------
    SLICE_X13Y38         FDRE (Prop_fdre_C_Q)         0.141     1.071 r  design_1_i/smartconnect_0/inst/s01_nodes/s01_r_node/inst/inst_mi_handler/gen_normal_area.inst_fifo_node_payld/gen_xpm_memory_fifo.inst_fifo/gen_mem_rep[0].inst_wr_addra/count_r_reg[2]/Q
                         net (fo=101, routed)         0.191     1.261    design_1_i/smartconnect_0/inst/s01_nodes/s01_r_node/inst/inst_mi_handler/gen_normal_area.inst_fifo_node_payld/gen_xpm_memory_fifo.inst_fifo/gen_mem_rep[0].inst_xpm_memory/xpm_memory_base_inst/gen_wr_a.gen_word_narrow.mem_reg_0_31_36_41/ADDRD2
    SLICE_X14Y37         RAMD32                                       r  design_1_i/smartconnect_0/inst/s01_nodes/s01_r_node/inst/inst_mi_handler/gen_normal_area.inst_fifo_node_payld/gen_xpm_memory_fifo.inst_fifo/gen_mem_rep[0].inst_xpm_memory/xpm_memory_base_inst/gen_wr_a.gen_word_narrow.mem_reg_0_31_36_41/RAMB_D1/WADR2
  -------------------------------------------------------------------    -------------------

                         (clock clk_fpga_0 rise edge)
                                                      0.000     0.000 r  
    PS7_X0Y0             PS7                          0.000     0.000 r  design_1_i/processing_system7_0/inst/PS7_i/FCLKCLK[0]
                         net (fo=1, routed)           0.337     0.337    design_1_i/processing_system7_0/inst/FCLK_CLK_unbuffered[0]
    BUFGCTRL_X0Y16       BUFG (Prop_bufg_I_O)         0.029     0.366 r  design_1_i/processing_system7_0/inst/buffer_fclk_clk_0.FCLK_CLK_0_BUFG/O
                         net (fo=15086, routed)       0.861     1.227    design_1_i/smartconnect_0/inst/s01_nodes/s01_r_node/inst/inst_mi_handler/gen_normal_area.inst_fifo_node_payld/gen_xpm_memory_fifo.inst_fifo/gen_mem_rep[0].inst_xpm_memory/xpm_memory_base_inst/gen_wr_a.gen_word_narrow.mem_reg_0_31_36_41/WCLK
    SLICE_X14Y37         RAMD32                                       r  design_1_i/smartconnect_0/inst/s01_nodes/s01_r_node/inst/inst_mi_handler/gen_normal_area.inst_fifo_node_payld/gen_xpm_memory_fifo.inst_fifo/gen_mem_rep[0].inst_xpm_memory/xpm_memory_base_inst/gen_wr_a.gen_word_narrow.mem_reg_0_31_36_41/RAMB_D1/CLK
                         clock pessimism             -0.283     0.944    
    SLICE_X14Y37         RAMD32 (Hold_ramd32_CLK_WADR2)
                                                      0.254     1.197    design_1_i/smartconnect_0/inst/s01_nodes/s01_r_node/inst/inst_mi_handler/gen_normal_area.inst_fifo_node_payld/gen_xpm_memory_fifo.inst_fifo/gen_mem_rep[0].inst_xpm_memory/xpm_memory_base_inst/gen_wr_a.gen_word_narrow.mem_reg_0_31_36_41/RAMB_D1
  -------------------------------------------------------------------
                         required time                         -1.198    
                         arrival time                           1.261    
  -------------------------------------------------------------------
                         slack                                  0.064    

Slack (MET) :             0.064ns  (arrival time - required time)
  Source:                 design_1_i/smartconnect_0/inst/s01_nodes/s01_r_node/inst/inst_mi_handler/gen_normal_area.inst_fifo_node_payld/gen_xpm_memory_fifo.inst_fifo/gen_mem_rep[0].inst_wr_addra/count_r_reg[2]/C
                            (rising edge-triggered cell FDRE clocked by clk_fpga_0  {rise@0.000ns fall@10.000ns period=20.000ns})
  Destination:            design_1_i/smartconnect_0/inst/s01_nodes/s01_r_node/inst/inst_mi_handler/gen_normal_area.inst_fifo_node_payld/gen_xpm_memory_fifo.inst_fifo/gen_mem_rep[0].inst_xpm_memory/xpm_memory_base_inst/gen_wr_a.gen_word_narrow.mem_reg_0_31_36_41/RAMC/WADR2
                            (rising edge-triggered cell RAMD32 clocked by clk_fpga_0  {rise@0.000ns fall@10.000ns period=20.000ns})
  Path Group:             clk_fpga_0
  Path Type:              Hold (Min at Fast Process Corner)
  Requirement:            0.000ns  (clk_fpga_0 rise@0.000ns - clk_fpga_0 rise@0.000ns)
  Data Path Delay:        0.332ns  (logic 0.141ns (42.513%)  route 0.191ns (57.487%))
  Logic Levels:           0  
  Clock Path Skew:        0.014ns (DCD - SCD - CPR)
    Destination Clock Delay (DCD):    1.227ns
    Source Clock Delay      (SCD):    0.930ns
    Clock Pessimism Removal (CPR):    0.283ns

    Location             Delay type                Incr(ns)  Path(ns)    Netlist Resource(s)
  -------------------------------------------------------------------    -------------------
                         (clock clk_fpga_0 rise edge)
                                                      0.000     0.000 r  
    PS7_X0Y0             PS7                          0.000     0.000 r  design_1_i/processing_system7_0/inst/PS7_i/FCLKCLK[0]
                         net (fo=1, routed)           0.310     0.310    design_1_i/processing_system7_0/inst/FCLK_CLK_unbuffered[0]
    BUFGCTRL_X0Y16       BUFG (Prop_bufg_I_O)         0.026     0.336 r  design_1_i/processing_system7_0/inst/buffer_fclk_clk_0.FCLK_CLK_0_BUFG/O
                         net (fo=15086, routed)       0.594     0.929    design_1_i/smartconnect_0/inst/s01_nodes/s01_r_node/inst/inst_mi_handler/gen_normal_area.inst_fifo_node_payld/gen_xpm_memory_fifo.inst_fifo/gen_mem_rep[0].inst_wr_addra/s_sc_aclk
    SLICE_X13Y38         FDRE                                         r  design_1_i/smartconnect_0/inst/s01_nodes/s01_r_node/inst/inst_mi_handler/gen_normal_area.inst_fifo_node_payld/gen_xpm_memory_fifo.inst_fifo/gen_mem_rep[0].inst_wr_addra/count_r_reg[2]/C
  -------------------------------------------------------------------    -------------------
    SLICE_X13Y38         FDRE (Prop_fdre_C_Q)         0.141     1.071 r  design_1_i/smartconnect_0/inst/s01_nodes/s01_r_node/inst/inst_mi_handler/gen_normal_area.inst_fifo_node_payld/gen_xpm_memory_fifo.inst_fifo/gen_mem_rep[0].inst_wr_addra/count_r_reg[2]/Q
                         net (fo=101, routed)         0.191     1.261    design_1_i/smartconnect_0/inst/s01_nodes/s01_r_node/inst/inst_mi_handler/gen_normal_area.inst_fifo_node_payld/gen_xpm_memory_fifo.inst_fifo/gen_mem_rep[0].inst_xpm_memory/xpm_memory_base_inst/gen_wr_a.gen_word_narrow.mem_reg_0_31_36_41/ADDRD2
    SLICE_X14Y37         RAMD32                                       r  design_1_i/smartconnect_0/inst/s01_nodes/s01_r_node/inst/inst_mi_handler/gen_normal_area.inst_fifo_node_payld/gen_xpm_memory_fifo.inst_fifo/gen_mem_rep[0].inst_xpm_memory/xpm_memory_base_inst/gen_wr_a.gen_word_narrow.mem_reg_0_31_36_41/RAMC/WADR2
  -------------------------------------------------------------------    -------------------

                         (clock clk_fpga_0 rise edge)
                                                      0.000     0.000 r  
    PS7_X0Y0             PS7                          0.000     0.000 r  design_1_i/processing_system7_0/inst/PS7_i/FCLKCLK[0]
                         net (fo=1, routed)           0.337     0.337    design_1_i/processing_system7_0/inst/FCLK_CLK_unbuffered[0]
    BUFGCTRL_X0Y16       BUFG (Prop_bufg_I_O)         0.029     0.366 r  design_1_i/processing_system7_0/inst/buffer_fclk_clk_0.FCLK_CLK_0_BUFG/O
                         net (fo=15086, routed)       0.861     1.227    design_1_i/smartconnect_0/inst/s01_nodes/s01_r_node/inst/inst_mi_handler/gen_normal_area.inst_fifo_node_payld/gen_xpm_memory_fifo.inst_fifo/gen_mem_rep[0].inst_xpm_memory/xpm_memory_base_inst/gen_wr_a.gen_word_narrow.mem_reg_0_31_36_41/WCLK
    SLICE_X14Y37         RAMD32                                       r  design_1_i/smartconnect_0/inst/s01_nodes/s01_r_node/inst/inst_mi_handler/gen_normal_area.inst_fifo_node_payld/gen_xpm_memory_fifo.inst_fifo/gen_mem_rep[0].inst_xpm_memory/xpm_memory_base_inst/gen_wr_a.gen_word_narrow.mem_reg_0_31_36_41/RAMC/CLK
                         clock pessimism             -0.283     0.944    
    SLICE_X14Y37         RAMD32 (Hold_ramd32_CLK_WADR2)
                                                      0.254     1.197    design_1_i/smartconnect_0/inst/s01_nodes/s01_r_node/inst/inst_mi_handler/gen_normal_area.inst_fifo_node_payld/gen_xpm_memory_fifo.inst_fifo/gen_mem_rep[0].inst_xpm_memory/xpm_memory_base_inst/gen_wr_a.gen_word_narrow.mem_reg_0_31_36_41/RAMC
  -------------------------------------------------------------------
                         required time                         -1.198    
                         arrival time                           1.261    
  -------------------------------------------------------------------
                         slack                                  0.064    

Slack (MET) :             0.064ns  (arrival time - required time)
  Source:                 design_1_i/smartconnect_0/inst/s01_nodes/s01_r_node/inst/inst_mi_handler/gen_normal_area.inst_fifo_node_payld/gen_xpm_memory_fifo.inst_fifo/gen_mem_rep[0].inst_wr_addra/count_r_reg[2]/C
                            (rising edge-triggered cell FDRE clocked by clk_fpga_0  {rise@0.000ns fall@10.000ns period=20.000ns})
  Destination:            design_1_i/smartconnect_0/inst/s01_nodes/s01_r_node/inst/inst_mi_handler/gen_normal_area.inst_fifo_node_payld/gen_xpm_memory_fifo.inst_fifo/gen_mem_rep[0].inst_xpm_memory/xpm_memory_base_inst/gen_wr_a.gen_word_narrow.mem_reg_0_31_36_41/RAMC_D1/WADR2
                            (rising edge-triggered cell RAMD32 clocked by clk_fpga_0  {rise@0.000ns fall@10.000ns period=20.000ns})
  Path Group:             clk_fpga_0
  Path Type:              Hold (Min at Fast Process Corner)
  Requirement:            0.000ns  (clk_fpga_0 rise@0.000ns - clk_fpga_0 rise@0.000ns)
  Data Path Delay:        0.332ns  (logic 0.141ns (42.513%)  route 0.191ns (57.487%))
  Logic Levels:           0  
  Clock Path Skew:        0.014ns (DCD - SCD - CPR)
    Destination Clock Delay (DCD):    1.227ns
    Source Clock Delay      (SCD):    0.930ns
    Clock Pessimism Removal (CPR):    0.283ns

    Location             Delay type                Incr(ns)  Path(ns)    Netlist Resource(s)
  -------------------------------------------------------------------    -------------------
                         (clock clk_fpga_0 rise edge)
                                                      0.000     0.000 r  
    PS7_X0Y0             PS7                          0.000     0.000 r  design_1_i/processing_system7_0/inst/PS7_i/FCLKCLK[0]
                         net (fo=1, routed)           0.310     0.310    design_1_i/processing_system7_0/inst/FCLK_CLK_unbuffered[0]
    BUFGCTRL_X0Y16       BUFG (Prop_bufg_I_O)         0.026     0.336 r  design_1_i/processing_system7_0/inst/buffer_fclk_clk_0.FCLK_CLK_0_BUFG/O
                         net (fo=15086, routed)       0.594     0.929    design_1_i/smartconnect_0/inst/s01_nodes/s01_r_node/inst/inst_mi_handler/gen_normal_area.inst_fifo_node_payld/gen_xpm_memory_fifo.inst_fifo/gen_mem_rep[0].inst_wr_addra/s_sc_aclk
    SLICE_X13Y38         FDRE                                         r  design_1_i/smartconnect_0/inst/s01_nodes/s01_r_node/inst/inst_mi_handler/gen_normal_area.inst_fifo_node_payld/gen_xpm_memory_fifo.inst_fifo/gen_mem_rep[0].inst_wr_addra/count_r_reg[2]/C
  -------------------------------------------------------------------    -------------------
    SLICE_X13Y38         FDRE (Prop_fdre_C_Q)         0.141     1.071 r  design_1_i/smartconnect_0/inst/s01_nodes/s01_r_node/inst/inst_mi_handler/gen_normal_area.inst_fifo_node_payld/gen_xpm_memory_fifo.inst_fifo/gen_mem_rep[0].inst_wr_addra/count_r_reg[2]/Q
                         net (fo=101, routed)         0.191     1.261    design_1_i/smartconnect_0/inst/s01_nodes/s01_r_node/inst/inst_mi_handler/gen_normal_area.inst_fifo_node_payld/gen_xpm_memory_fifo.inst_fifo/gen_mem_rep[0].inst_xpm_memory/xpm_memory_base_inst/gen_wr_a.gen_word_narrow.mem_reg_0_31_36_41/ADDRD2
    SLICE_X14Y37         RAMD32                                       r  design_1_i/smartconnect_0/inst/s01_nodes/s01_r_node/inst/inst_mi_handler/gen_normal_area.inst_fifo_node_payld/gen_xpm_memory_fifo.inst_fifo/gen_mem_rep[0].inst_xpm_memory/xpm_memory_base_inst/gen_wr_a.gen_word_narrow.mem_reg_0_31_36_41/RAMC_D1/WADR2
  -------------------------------------------------------------------    -------------------

                         (clock clk_fpga_0 rise edge)
                                                      0.000     0.000 r  
    PS7_X0Y0             PS7                          0.000     0.000 r  design_1_i/processing_system7_0/inst/PS7_i/FCLKCLK[0]
                         net (fo=1, routed)           0.337     0.337    design_1_i/processing_system7_0/inst/FCLK_CLK_unbuffered[0]
    BUFGCTRL_X0Y16       BUFG (Prop_bufg_I_O)         0.029     0.366 r  design_1_i/processing_system7_0/inst/buffer_fclk_clk_0.FCLK_CLK_0_BUFG/O
                         net (fo=15086, routed)       0.861     1.227    design_1_i/smartconnect_0/inst/s01_nodes/s01_r_node/inst/inst_mi_handler/gen_normal_area.inst_fifo_node_payld/gen_xpm_memory_fifo.inst_fifo/gen_mem_rep[0].inst_xpm_memory/xpm_memory_base_inst/gen_wr_a.gen_word_narrow.mem_reg_0_31_36_41/WCLK
    SLICE_X14Y37         RAMD32                                       r  design_1_i/smartconnect_0/inst/s01_nodes/s01_r_node/inst/inst_mi_handler/gen_normal_area.inst_fifo_node_payld/gen_xpm_memory_fifo.inst_fifo/gen_mem_rep[0].inst_xpm_memory/xpm_memory_base_inst/gen_wr_a.gen_word_narrow.mem_reg_0_31_36_41/RAMC_D1/CLK
                         clock pessimism             -0.283     0.944    
    SLICE_X14Y37         RAMD32 (Hold_ramd32_CLK_WADR2)
                                                      0.254     1.197    design_1_i/smartconnect_0/inst/s01_nodes/s01_r_node/inst/inst_mi_handler/gen_normal_area.inst_fifo_node_payld/gen_xpm_memory_fifo.inst_fifo/gen_mem_rep[0].inst_xpm_memory/xpm_memory_base_inst/gen_wr_a.gen_word_narrow.mem_reg_0_31_36_41/RAMC_D1
  -------------------------------------------------------------------
                         required time                         -1.198    
                         arrival time                           1.261    
  -------------------------------------------------------------------
                         slack                                  0.064    

Slack (MET) :             0.064ns  (arrival time - required time)
  Source:                 design_1_i/smartconnect_0/inst/s01_nodes/s01_r_node/inst/inst_mi_handler/gen_normal_area.inst_fifo_node_payld/gen_xpm_memory_fifo.inst_fifo/gen_mem_rep[0].inst_wr_addra/count_r_reg[2]/C
                            (rising edge-triggered cell FDRE clocked by clk_fpga_0  {rise@0.000ns fall@10.000ns period=20.000ns})
  Destination:            design_1_i/smartconnect_0/inst/s01_nodes/s01_r_node/inst/inst_mi_handler/gen_normal_area.inst_fifo_node_payld/gen_xpm_memory_fifo.inst_fifo/gen_mem_rep[0].inst_xpm_memory/xpm_memory_base_inst/gen_wr_a.gen_word_narrow.mem_reg_0_31_36_41/RAMD/ADR2
                            (rising edge-triggered cell RAMS32 clocked by clk_fpga_0  {rise@0.000ns fall@10.000ns period=20.000ns})
  Path Group:             clk_fpga_0
  Path Type:              Hold (Min at Fast Process Corner)
  Requirement:            0.000ns  (clk_fpga_0 rise@0.000ns - clk_fpga_0 rise@0.000ns)
  Data Path Delay:        0.332ns  (logic 0.141ns (42.513%)  route 0.191ns (57.487%))
  Logic Levels:           0  
  Clock Path Skew:        0.014ns (DCD - SCD - CPR)
    Destination Clock Delay (DCD):    1.227ns
    Source Clock Delay      (SCD):    0.930ns
    Clock Pessimism Removal (CPR):    0.283ns

    Location             Delay type                Incr(ns)  Path(ns)    Netlist Resource(s)
  -------------------------------------------------------------------    -------------------
                         (clock clk_fpga_0 rise edge)
                                                      0.000     0.000 r  
    PS7_X0Y0             PS7                          0.000     0.000 r  design_1_i/processing_system7_0/inst/PS7_i/FCLKCLK[0]
                         net (fo=1, routed)           0.310     0.310    design_1_i/processing_system7_0/inst/FCLK_CLK_unbuffered[0]
    BUFGCTRL_X0Y16       BUFG (Prop_bufg_I_O)         0.026     0.336 r  design_1_i/processing_system7_0/inst/buffer_fclk_clk_0.FCLK_CLK_0_BUFG/O
                         net (fo=15086, routed)       0.594     0.929    design_1_i/smartconnect_0/inst/s01_nodes/s01_r_node/inst/inst_mi_handler/gen_normal_area.inst_fifo_node_payld/gen_xpm_memory_fifo.inst_fifo/gen_mem_rep[0].inst_wr_addra/s_sc_aclk
    SLICE_X13Y38         FDRE                                         r  design_1_i/smartconnect_0/inst/s01_nodes/s01_r_node/inst/inst_mi_handler/gen_normal_area.inst_fifo_node_payld/gen_xpm_memory_fifo.inst_fifo/gen_mem_rep[0].inst_wr_addra/count_r_reg[2]/C
  -------------------------------------------------------------------    -------------------
    SLICE_X13Y38         FDRE (Prop_fdre_C_Q)         0.141     1.071 r  design_1_i/smartconnect_0/inst/s01_nodes/s01_r_node/inst/inst_mi_handler/gen_normal_area.inst_fifo_node_payld/gen_xpm_memory_fifo.inst_fifo/gen_mem_rep[0].inst_wr_addra/count_r_reg[2]/Q
                         net (fo=101, routed)         0.191     1.261    design_1_i/smartconnect_0/inst/s01_nodes/s01_r_node/inst/inst_mi_handler/gen_normal_area.inst_fifo_node_payld/gen_xpm_memory_fifo.inst_fifo/gen_mem_rep[0].inst_xpm_memory/xpm_memory_base_inst/gen_wr_a.gen_word_narrow.mem_reg_0_31_36_41/ADDRD2
    SLICE_X14Y37         RAMS32                                       r  design_1_i/smartconnect_0/inst/s01_nodes/s01_r_node/inst/inst_mi_handler/gen_normal_area.inst_fifo_node_payld/gen_xpm_memory_fifo.inst_fifo/gen_mem_rep[0].inst_xpm_memory/xpm_memory_base_inst/gen_wr_a.gen_word_narrow.mem_reg_0_31_36_41/RAMD/ADR2
  -------------------------------------------------------------------    -------------------

                         (clock clk_fpga_0 rise edge)
                                                      0.000     0.000 r  
    PS7_X0Y0             PS7                          0.000     0.000 r  design_1_i/processing_system7_0/inst/PS7_i/FCLKCLK[0]
                         net (fo=1, routed)           0.337     0.337    design_1_i/processing_system7_0/inst/FCLK_CLK_unbuffered[0]
    BUFGCTRL_X0Y16       BUFG (Prop_bufg_I_O)         0.029     0.366 r  design_1_i/processing_system7_0/inst/buffer_fclk_clk_0.FCLK_CLK_0_BUFG/O
                         net (fo=15086, routed)       0.861     1.227    design_1_i/smartconnect_0/inst/s01_nodes/s01_r_node/inst/inst_mi_handler/gen_normal_area.inst_fifo_node_payld/gen_xpm_memory_fifo.inst_fifo/gen_mem_rep[0].inst_xpm_memory/xpm_memory_base_inst/gen_wr_a.gen_word_narrow.mem_reg_0_31_36_41/WCLK
    SLICE_X14Y37         RAMS32                                       r  design_1_i/smartconnect_0/inst/s01_nodes/s01_r_node/inst/inst_mi_handler/gen_normal_area.inst_fifo_node_payld/gen_xpm_memory_fifo.inst_fifo/gen_mem_rep[0].inst_xpm_memory/xpm_memory_base_inst/gen_wr_a.gen_word_narrow.mem_reg_0_31_36_41/RAMD/CLK
                         clock pessimism             -0.283     0.944    
    SLICE_X14Y37         RAMS32 (Hold_rams32_CLK_ADR2)
                                                      0.254     1.197    design_1_i/smartconnect_0/inst/s01_nodes/s01_r_node/inst/inst_mi_handler/gen_normal_area.inst_fifo_node_payld/gen_xpm_memory_fifo.inst_fifo/gen_mem_rep[0].inst_xpm_memory/xpm_memory_base_inst/gen_wr_a.gen_word_narrow.mem_reg_0_31_36_41/RAMD
  -------------------------------------------------------------------
                         required time                         -1.198    
                         arrival time                           1.261    
  -------------------------------------------------------------------
                         slack                                  0.064    





Pulse Width Checks
--------------------------------------------------------------------------------------
Clock Name:         clk_fpga_0
Waveform(ns):       { 0.000 10.000 }
Period(ns):         20.000
Sources:            { design_1_i/processing_system7_0/inst/PS7_i/FCLKCLK[0] }

Check Type        Corner  Lib Pin             Reference Pin  Required(ns)  Actual(ns)  Slack(ns)  Location      Pin
Min Period        n/a     RAMB36E1/CLKARDCLK  n/a            2.234         20.000      17.766     RAMB36_X1Y6   design_1_i/axi_vdma_3/U0/GEN_SPRT_FOR_MM2S.MM2S_LINEBUFFER_I/GEN_LINEBUF_FLUSH_SOF.GEN_LINEBUFFER.GEN_SYNC_FIFO.I_LINEBUFFER_FIFO/xpm_fifo_sync_inst/xpm_fifo_base_inst/gen_sdpram.xpm_memory_base_inst/gen_wr_a.gen_word_narrow.mem_reg/CLKARDCLK
Min Period        n/a     RAMB36E1/CLKBWRCLK  n/a            2.234         20.000      17.766     RAMB36_X1Y6   design_1_i/axi_vdma_3/U0/GEN_SPRT_FOR_MM2S.MM2S_LINEBUFFER_I/GEN_LINEBUF_FLUSH_SOF.GEN_LINEBUFFER.GEN_SYNC_FIFO.I_LINEBUFFER_FIFO/xpm_fifo_sync_inst/xpm_fifo_base_inst/gen_sdpram.xpm_memory_base_inst/gen_wr_a.gen_word_narrow.mem_reg/CLKBWRCLK
Min Period        n/a     RAMB18E1/CLKARDCLK  n/a            2.234         20.000      17.766     RAMB18_X3Y8   design_1_i/conv_core_ip_0/U0/u_conv_core_ip_dut_inst/u_conv_core_ip_src_conv_core/u_Subsystem1/u_slicer/u_ShiftRegisterRAM_generic/ram_reg/CLKARDCLK
Min Period        n/a     RAMB36E1/CLKARDCLK  n/a            2.234         20.000      17.766     RAMB36_X4Y7   design_1_i/axi_vdma_2/U0/GEN_SPRT_FOR_S2MM.S2MM_LINEBUFFER_I/GEN_S2MM_FLUSH_SOF_LOGIC.GEN_LINEBUFFER_FLUSH_SOF.GEN_SYNC_FIFO_FLUSH_SOF.I_LINEBUFFER_FIFO/xpm_fifo_sync_inst/xpm_fifo_base_inst/gen_sdpram.xpm_memory_base_inst/gen_wr_a.gen_word_narrow.mem_reg/CLKARDCLK
Min Period        n/a     RAMB36E1/CLKBWRCLK  n/a            2.234         20.000      17.766     RAMB36_X4Y7   design_1_i/axi_vdma_2/U0/GEN_SPRT_FOR_S2MM.S2MM_LINEBUFFER_I/GEN_S2MM_FLUSH_SOF_LOGIC.GEN_LINEBUFFER_FLUSH_SOF.GEN_SYNC_FIFO_FLUSH_SOF.I_LINEBUFFER_FIFO/xpm_fifo_sync_inst/xpm_fifo_base_inst/gen_sdpram.xpm_memory_base_inst/gen_wr_a.gen_word_narrow.mem_reg/CLKBWRCLK
Min Period        n/a     RAMB36E1/CLKARDCLK  n/a            2.234         20.000      17.766     RAMB36_X1Y5   design_1_i/axi_vdma_1/U0/GEN_SPRT_FOR_S2MM.S2MM_LINEBUFFER_I/GEN_S2MM_FLUSH_SOF_LOGIC.GEN_LINEBUFFER_FLUSH_SOF.GEN_SYNC_FIFO_FLUSH_SOF.I_LINEBUFFER_FIFO/xpm_fifo_sync_inst/xpm_fifo_base_inst/gen_sdpram.xpm_memory_base_inst/gen_wr_a.gen_word_narrow.mem_reg/CLKARDCLK
Min Period        n/a     RAMB36E1/CLKBWRCLK  n/a            2.234         20.000      17.766     RAMB36_X1Y5   design_1_i/axi_vdma_1/U0/GEN_SPRT_FOR_S2MM.S2MM_LINEBUFFER_I/GEN_S2MM_FLUSH_SOF_LOGIC.GEN_LINEBUFFER_FLUSH_SOF.GEN_SYNC_FIFO_FLUSH_SOF.I_LINEBUFFER_FIFO/xpm_fifo_sync_inst/xpm_fifo_base_inst/gen_sdpram.xpm_memory_base_inst/gen_wr_a.gen_word_narrow.mem_reg/CLKBWRCLK
Min Period        n/a     RAMB36E1/CLKARDCLK  n/a            1.962         20.000      18.038     RAMB36_X4Y9   design_1_i/axi_vdma_2/U0/I_PRMRY_DATAMOVER/GEN_S2MM_FULL.I_S2MM_FULL_WRAPPER/GEN_ENABLE_INDET_BTT_SF.I_INDET_BTT/I_DATA_FIFO/BLK_MEM.I_SYNC_FIFOGEN_FIFO/xpm_fifo_instance.xpm_fifo_sync_inst/xpm_fifo_base_inst/gen_sdpram.xpm_memory_base_inst/gen_wr_a.gen_word_narrow.mem_reg_0/CLKARDCLK
Min Period        n/a     RAMB36E1/CLKBWRCLK  n/a            1.962         20.000      18.038     RAMB36_X4Y9   design_1_i/axi_vdma_2/U0/I_PRMRY_DATAMOVER/GEN_S2MM_FULL.I_S2MM_FULL_WRAPPER/GEN_ENABLE_INDET_BTT_SF.I_INDET_BTT/I_DATA_FIFO/BLK_MEM.I_SYNC_FIFOGEN_FIFO/xpm_fifo_instance.xpm_fifo_sync_inst/xpm_fifo_base_inst/gen_sdpram.xpm_memory_base_inst/gen_wr_a.gen_word_narrow.mem_reg_0/CLKBWRCLK
Min Period        n/a     RAMB36E1/CLKARDCLK  n/a            1.962         20.000      18.038     RAMB36_X4Y8   design_1_i/axi_vdma_2/U0/I_PRMRY_DATAMOVER/GEN_S2MM_FULL.I_S2MM_FULL_WRAPPER/GEN_ENABLE_INDET_BTT_SF.I_INDET_BTT/I_DATA_FIFO/BLK_MEM.I_SYNC_FIFOGEN_FIFO/xpm_fifo_instance.xpm_fifo_sync_inst/xpm_fifo_base_inst/gen_sdpram.xpm_memory_base_inst/gen_wr_a.gen_word_narrow.mem_reg_1/CLKARDCLK
Low Pulse Width   Slow    RAMD32/CLK          n/a            1.050         10.000      8.950      SLICE_X34Y52  design_1_i/smartconnect_0/inst/m00_nodes/m00_ar_node/inst/inst_mi_handler/gen_normal_area.inst_fifo_node_payld/gen_xpm_memory_fifo.inst_fifo/gen_mem_rep[0].inst_xpm_memory/xpm_memory_base_inst/gen_wr_a.gen_word_narrow.mem_reg_0_31_6_11/RAMA/CLK
Low Pulse Width   Slow    RAMD32/CLK          n/a            1.050         10.000      8.950      SLICE_X34Y52  design_1_i/smartconnect_0/inst/m00_nodes/m00_ar_node/inst/inst_mi_handler/gen_normal_area.inst_fifo_node_payld/gen_xpm_memory_fifo.inst_fifo/gen_mem_rep[0].inst_xpm_memory/xpm_memory_base_inst/gen_wr_a.gen_word_narrow.mem_reg_0_31_6_11/RAMA_D1/CLK
Low Pulse Width   Slow    RAMD32/CLK          n/a            1.050         10.000      8.950      SLICE_X34Y52  design_1_i/smartconnect_0/inst/m00_nodes/m00_ar_node/inst/inst_mi_handler/gen_normal_area.inst_fifo_node_payld/gen_xpm_memory_fifo.inst_fifo/gen_mem_rep[0].inst_xpm_memory/xpm_memory_base_inst/gen_wr_a.gen_word_narrow.mem_reg_0_31_6_11/RAMB/CLK
Low Pulse Width   Slow    RAMD32/CLK          n/a            1.050         10.000      8.950      SLICE_X34Y52  design_1_i/smartconnect_0/inst/m00_nodes/m00_ar_node/inst/inst_mi_handler/gen_normal_area.inst_fifo_node_payld/gen_xpm_memory_fifo.inst_fifo/gen_mem_rep[0].inst_xpm_memory/xpm_memory_base_inst/gen_wr_a.gen_word_narrow.mem_reg_0_31_6_11/RAMB_D1/CLK
Low Pulse Width   Slow    RAMD32/CLK          n/a            1.050         10.000      8.950      SLICE_X34Y52  design_1_i/smartconnect_0/inst/m00_nodes/m00_ar_node/inst/inst_mi_handler/gen_normal_area.inst_fifo_node_payld/gen_xpm_memory_fifo.inst_fifo/gen_mem_rep[0].inst_xpm_memory/xpm_memory_base_inst/gen_wr_a.gen_word_narrow.mem_reg_0_31_6_11/RAMC/CLK
Low Pulse Width   Slow    RAMD32/CLK          n/a            1.050         10.000      8.950      SLICE_X34Y52  design_1_i/smartconnect_0/inst/m00_nodes/m00_ar_node/inst/inst_mi_handler/gen_normal_area.inst_fifo_node_payld/gen_xpm_memory_fifo.inst_fifo/gen_mem_rep[0].inst_xpm_memory/xpm_memory_base_inst/gen_wr_a.gen_word_narrow.mem_reg_0_31_6_11/RAMC_D1/CLK
Low Pulse Width   Slow    RAMS32/CLK          n/a            1.050         10.000      8.950      SLICE_X34Y52  design_1_i/smartconnect_0/inst/m00_nodes/m00_ar_node/inst/inst_mi_handler/gen_normal_area.inst_fifo_node_payld/gen_xpm_memory_fifo.inst_fifo/gen_mem_rep[0].inst_xpm_memory/xpm_memory_base_inst/gen_wr_a.gen_word_narrow.mem_reg_0_31_6_11/RAMD/CLK
Low Pulse Width   Slow    RAMS32/CLK          n/a            1.050         10.000      8.950      SLICE_X34Y52  design_1_i/smartconnect_0/inst/m00_nodes/m00_ar_node/inst/inst_mi_handler/gen_normal_area.inst_fifo_node_payld/gen_xpm_memory_fifo.inst_fifo/gen_mem_rep[0].inst_xpm_memory/xpm_memory_base_inst/gen_wr_a.gen_word_narrow.mem_reg_0_31_6_11/RAMD_D1/CLK
Low Pulse Width   Slow    RAMD32/CLK          n/a            1.050         10.000      8.950      SLICE_X34Y50  design_1_i/smartconnect_0/inst/m00_nodes/m00_ar_node/inst/inst_mi_handler/gen_normal_area.inst_fifo_node_payld/gen_xpm_memory_fifo.inst_fifo/gen_mem_rep[0].inst_xpm_memory/xpm_memory_base_inst/gen_wr_a.gen_word_narrow.mem_reg_0_31_72_77/RAMA/CLK
Low Pulse Width   Slow    RAMD32/CLK          n/a            1.050         10.000      8.950      SLICE_X34Y50  design_1_i/smartconnect_0/inst/m00_nodes/m00_ar_node/inst/inst_mi_handler/gen_normal_area.inst_fifo_node_payld/gen_xpm_memory_fifo.inst_fifo/gen_mem_rep[0].inst_xpm_memory/xpm_memory_base_inst/gen_wr_a.gen_word_narrow.mem_reg_0_31_72_77/RAMA_D1/CLK
High Pulse Width  Fast    RAMD32/CLK          n/a            1.050         10.000      8.950      SLICE_X38Y27  design_1_i/conv_core_ip_0/U0/u_conv_core_ip_axi4_stream_video_slave_inst/u_conv_core_ip_fifo_data_inst/u_conv_core_ip_fifo_data_classic_ram/ram_reg_0_3_30_35/RAMB/CLK
High Pulse Width  Fast    RAMD32/CLK          n/a            1.050         10.000      8.950      SLICE_X38Y27  design_1_i/conv_core_ip_0/U0/u_conv_core_ip_axi4_stream_video_slave_inst/u_conv_core_ip_fifo_data_inst/u_conv_core_ip_fifo_data_classic_ram/ram_reg_0_3_30_35/RAMB_D1/CLK
High Pulse Width  Fast    RAMD32/CLK          n/a            1.050         10.000      8.950      SLICE_X38Y27  design_1_i/conv_core_ip_0/U0/u_conv_core_ip_axi4_stream_video_slave_inst/u_conv_core_ip_fifo_data_inst/u_conv_core_ip_fifo_data_classic_ram/ram_reg_0_3_30_35/RAMC/CLK
High Pulse Width  Fast    RAMD32/CLK          n/a            1.050         10.000      8.950      SLICE_X38Y27  design_1_i/conv_core_ip_0/U0/u_conv_core_ip_axi4_stream_video_slave_inst/u_conv_core_ip_fifo_data_inst/u_conv_core_ip_fifo_data_classic_ram/ram_reg_0_3_30_35/RAMC_D1/CLK
High Pulse Width  Fast    RAMS32/CLK          n/a            1.050         10.000      8.950      SLICE_X38Y27  design_1_i/conv_core_ip_0/U0/u_conv_core_ip_axi4_stream_video_slave_inst/u_conv_core_ip_fifo_data_inst/u_conv_core_ip_fifo_data_classic_ram/ram_reg_0_3_30_35/RAMD/CLK
High Pulse Width  Fast    RAMS32/CLK          n/a            1.050         10.000      8.950      SLICE_X38Y27  design_1_i/conv_core_ip_0/U0/u_conv_core_ip_axi4_stream_video_slave_inst/u_conv_core_ip_fifo_data_inst/u_conv_core_ip_fifo_data_classic_ram/ram_reg_0_3_30_35/RAMD_D1/CLK
High Pulse Width  Fast    RAMD32/CLK          n/a            1.050         10.000      8.950      SLICE_X66Y32  design_1_i/conv_core_ip_0/U0/u_conv_core_ip_axi4_stream_video_slave_inst/u_conv_core_ip_fifo_sof_inst/u_conv_core_ip_fifo_sof_classic_ram/ram_reg_0_3_0_0/DP/CLK
High Pulse Width  Fast    RAMD32/CLK          n/a            1.050         10.000      8.950      SLICE_X66Y32  design_1_i/conv_core_ip_0/U0/u_conv_core_ip_axi4_stream_video_slave_inst/u_conv_core_ip_fifo_sof_inst/u_conv_core_ip_fifo_sof_classic_ram/ram_reg_0_3_0_0/SP/CLK
High Pulse Width  Fast    RAMD32/CLK          n/a            1.050         10.000      8.950      SLICE_X30Y50  design_1_i/smartconnect_0/inst/m00_nodes/m00_ar_node/inst/inst_mi_handler/gen_normal_area.inst_fifo_node_payld/gen_xpm_memory_fifo.inst_fifo/gen_mem_rep[0].inst_xpm_memory/xpm_memory_base_inst/gen_wr_a.gen_word_narrow.mem_reg_0_31_108_113/RAMA/CLK
High Pulse Width  Fast    RAMD32/CLK          n/a            1.050         10.000      8.950      SLICE_X30Y50  design_1_i/smartconnect_0/inst/m00_nodes/m00_ar_node/inst/inst_mi_handler/gen_normal_area.inst_fifo_node_payld/gen_xpm_memory_fifo.inst_fifo/gen_mem_rep[0].inst_xpm_memory/xpm_memory_base_inst/gen_wr_a.gen_word_narrow.mem_reg_0_31_108_113/RAMA_D1/CLK



